feature_idx,sample_rank,array_idx,image_id,slice_nr,modality,slice_orientation
159,1,37276,s0411,145,ct,z
159,2,74363,s0792,57,ct,z
159,3,96234,s1003,179,ct,z
159,4,99205,s1032,142,ct,z
159,5,78253,s0820,197,ct,z
43,1,39958,s0490,56,ct,y
43,2,101399,s1046,20,ct,y
43,3,36374,s0408,83,ct,y
43,4,119735,s1276,55,ct,y
43,5,51033,s0606,76,ct,y
130,1,40087,s0490,6,ct,z
130,2,83570,s0889,1,ct,z
130,3,98610,s1031,184,ct,z
130,4,112503,s1167,4,ct,z
130,5,120770,s1278,33,ct,z
1620,1,100027,s1038,36,ct,y
1620,2,79881,s0860,69,ct,x
1620,3,70522,s0754,39,ct,y
1620,4,14782,s0146,18,ct,y
1620,5,111761,s1137,35,ct,y
1437,1,74333,s0792,27,ct,z
1437,2,28292,s0312,121,ct,z
1437,3,25684,s0278,119,ct,z
1437,4,130346,s1407,56,ct,z
1437,5,69518,s0744,89,ct,z
1288,1,46533,s0578,114,ct,x
1288,2,53646,s0621,137,ct,x
1288,3,126044,s1337,130,ct,x
1288,4,6098,s0058,140,ct,x
1288,5,122910,s1296,133,ct,x
376,1,62203,s0696,67,ct,z
376,2,39978,s0490,76,ct,y
376,3,5132,s0050,260,ct,z
376,4,120833,s1278,96,ct,z
376,5,81435,s0866,103,ct,y
210,1,94726,s0983,394,ct,z
210,2,3876,s0029,349,ct,z
210,3,15099,s0146,169,ct,z
210,4,54340,s0621,398,ct,z
210,5,110693,s1124,396,ct,z
335,1,41953,s0513,222,ct,y
335,2,37523,s0417,2,ct,z
335,3,117073,s1234,110,ct,y
335,4,110791,s1124,494,ct,z
335,5,33659,s0374,173,ct,y
1142,1,84191,s0890,75,ct,z
1142,2,14690,s0146,166,ct,x
1142,3,68238,s0737,330,ct,z
1142,4,54263,s0621,321,ct,z
1142,5,45394,s0542,302,ct,z
55,1,37961,s0422,171,ct,y
55,2,84093,s0890,154,ct,y
55,3,43713,s0536,198,ct,y
55,4,101507,s1046,128,ct,y
55,5,114840,s1178,204,ct,y
1442,1,135594,s0294,40,mri,z
1442,2,133972,s0082,9,mri,y
1442,3,133600,s0021,35,mri,y
1442,4,133548,s0015,123,mri,z
1442,5,134678,s0201,45,mri,z
601,1,105139,s1068,78,ct,z
601,2,87386,s0937,349,ct,z
601,3,15588,s0157,89,ct,z
601,4,31146,s0358,215,ct,z
601,5,84903,s0907,190,ct,z
1926,1,136878,s0481,2,mri,y
1926,2,137537,s0538,37,mri,z
1926,3,136783,s0442,25,mri,x
1926,4,137321,s0517,95,mri,z
1926,5,133566,s0021,1,mri,y
1995,1,116593,s1227,48,ct,y
1995,2,25686,s0278,121,ct,z
1995,3,83027,s0881,111,ct,y
1995,4,115709,s1196,184,ct,y
1995,5,102921,s1053,146,ct,z
59,1,74519,s0794,129,ct,x
59,2,43444,s0536,149,ct,x
59,3,39841,s0490,122,ct,x
59,4,108390,s1102,110,ct,x
59,5,79067,s0859,121,ct,x
477,1,45143,s0542,51,ct,z
477,2,41217,s0509,40,ct,z
477,3,67083,s0730,71,ct,z
477,4,21636,s0212,55,ct,z
477,5,46074,s0571,60,ct,z
2025,1,137628,s0567,8,mri,y
2025,2,134112,s0128,33,mri,z
2025,3,134608,s0200,23,mri,y
2025,4,136234,s0356,15,mri,z
2025,5,134559,s0177,16,mri,z
92,1,8521,s0067,44,ct,z
92,2,62193,s0696,57,ct,z
92,3,123089,s1296,110,ct,y
92,4,126392,s1337,52,ct,z
92,5,84050,s0890,111,ct,y
308,1,136418,s0361,35,mri,x
308,2,134601,s0200,16,mri,y
308,3,134846,s0211,27,mri,y
308,4,137627,s0567,7,mri,y
308,5,134046,s0099,17,mri,x
1213,1,83674,s0889,105,ct,z
1213,2,59533,s0680,302,ct,z
1213,3,77534,s0810,110,ct,z
1213,4,120841,s1278,104,ct,z
1213,5,84169,s0890,53,ct,z
3118,1,134544,s0177,1,mri,z
3118,2,135910,s0327,22,mri,z
3118,3,136588,s0416,23,mri,y
3118,4,133717,s0060,6,mri,z
3118,5,135615,s0294,61,mri,z
876,1,134547,s0177,4,mri,z
876,2,134714,s0204,9,mri,z
876,3,133792,s0064,47,mri,y
876,4,136895,s0481,19,mri,y
876,5,135062,s0249,11,mri,y
1541,1,120133,s1276,278,ct,z
1541,2,93697,s0978,99,ct,y
1541,3,119174,s1272,97,ct,y
1541,4,122533,s1295,25,ct,y
1541,5,4128,s0048,187,ct,x
505,1,136944,s0481,68,mri,y
505,2,134546,s0177,3,mri,z
505,3,133949,s0080,6,mri,y
505,4,136654,s0419,9,mri,z
505,5,135878,s0313,111,mri,z
155,1,137515,s0538,15,mri,z
155,2,137212,s0511,98,mri,y
155,3,136743,s0428,8,mri,x
155,4,133730,s0060,19,mri,z
155,5,137316,s0517,90,mri,z
235,1,114767,s1178,131,ct,y
235,2,21463,s0212,56,ct,y
235,3,123038,s1296,59,ct,y
235,4,101404,s1046,25,ct,y
235,5,50150,s0593,65,ct,y
3840,1,136373,s0360,84,mri,z
3840,2,133584,s0021,19,mri,y
3840,3,135586,s0294,32,mri,z
3840,4,134066,s0103,10,mri,y
3840,5,134819,s0211,0,mri,y
961,1,119368,s1272,109,ct,z
961,2,78074,s0820,18,ct,z
961,3,32952,s0367,142,ct,z
961,4,57364,s0653,4,ct,z
961,5,74033,s0782,27,ct,z
267,1,86930,s0937,120,ct,y
267,2,113478,s1172,81,ct,y
267,3,7663,s0065,56,ct,y
267,4,66185,s0726,74,ct,y
267,5,44980,s0542,126,ct,y
456,1,71607,s0771,118,ct,y
456,2,61981,s0696,49,ct,y
456,3,61368,s0688,69,ct,y
456,4,12151,s0123,52,ct,y
456,5,22536,s0240,98,ct,y
1080,1,134201,s0139,26,mri,z
1080,2,134552,s0177,9,mri,z
1080,3,134594,s0200,9,mri,y
1080,4,60054,s0684,165,ct,y
1080,5,133957,s0080,14,mri,y
123,1,39996,s0490,94,ct,y
123,2,135594,s0294,40,mri,z
123,3,62263,s0696,127,ct,z
123,4,135177,s0272,31,mri,z
123,5,126465,s1337,125,ct,z
1236,1,62301,s0696,165,ct,z
1236,2,102423,s1050,128,ct,z
1236,3,56373,s0643,24,ct,z
1236,4,87876,s0949,36,ct,z
1236,5,114371,s1176,230,ct,z
5847,1,134681,s0201,48,mri,z
5847,2,27876,s0301,137,ct,z
5847,3,134628,s0200,43,mri,y
5847,4,116693,s1227,1,ct,z
5847,5,135058,s0249,7,mri,y
120,1,99886,s1038,120,ct,x
120,2,45489,s0563,44,ct,y
120,3,124342,s1307,104,ct,y
120,4,85644,s0912,78,ct,y
120,5,53631,s0621,122,ct,x
507,1,71615,s0771,126,ct,y
507,2,11469,s0115,123,ct,y
507,3,22524,s0240,86,ct,y
507,4,40800,s0509,37,ct,x
507,5,78464,s0840,18,ct,y
1844,1,135017,s0233,62,mri,z
1844,2,134611,s0200,26,mri,y
1844,3,102367,s1050,72,ct,z
1844,4,133790,s0064,45,mri,y
1844,5,133952,s0080,9,mri,y
40,1,51662,s0611,61,ct,y
40,2,39830,s0490,111,ct,x
40,3,103168,s1059,115,ct,x
40,4,92696,s0971,135,ct,y
40,5,78384,s0840,82,ct,x
6148,1,37141,s0411,10,ct,z
6148,2,45671,s0563,153,ct,z
6148,3,134113,s0128,34,mri,z
6148,4,15080,s0146,150,ct,z
6148,5,68911,s0740,62,ct,z
241,1,80591,s0860,287,ct,z
241,2,4130,s0048,189,ct,x
241,3,97356,s1008,221,ct,z
241,4,5099,s0050,227,ct,z
241,5,21862,s0212,281,ct,z
1358,1,95773,s0992,307,ct,z
1358,2,116616,s1227,71,ct,y
1358,3,8503,s0067,26,ct,z
1358,4,123545,s1303,2,ct,y
1358,5,114227,s1176,86,ct,z
190,1,61840,s0696,102,ct,x
190,2,9214,s0084,81,ct,x
190,3,68719,s0740,30,ct,x
190,4,126043,s1337,129,ct,x
190,5,95920,s1003,41,ct,x
737,1,39969,s0490,67,ct,y
737,2,77342,s0810,123,ct,y
737,3,46662,s0578,58,ct,y
737,4,126215,s1337,110,ct,y
737,5,79218,s0859,84,ct,y
381,1,25685,s0278,120,ct,z
381,2,71011,s0754,340,ct,z
381,3,10430,s0103,100,ct,x
381,4,18029,s0172,157,ct,z
381,5,397,s0002,91,ct,z
67,1,56372,s0643,23,ct,z
67,2,14689,s0146,165,ct,x
67,3,62182,s0696,46,ct,z
67,4,106067,s1077,137,ct,x
67,5,37137,s0411,6,ct,z
1445,1,133859,s0065,10,mri,x
1445,2,134832,s0211,13,mri,y
1445,3,136941,s0481,65,mri,y
1445,4,133976,s0082,13,mri,y
1445,5,134613,s0200,28,mri,y
4467,1,135174,s0272,28,mri,z
4467,2,62255,s0696,119,ct,z
4467,3,96104,s1003,49,ct,z
4467,4,89852,s0957,353,ct,z
4467,5,81001,s0865,18,ct,z
1710,1,136632,s0416,67,mri,y
1710,2,134551,s0177,8,mri,z
1710,3,137405,s0526,112,mri,x
1710,4,136747,s0428,12,mri,x
1710,5,134618,s0200,33,mri,y
1271,1,78879,s0843,20,ct,z
1271,2,71097,s0754,426,ct,z
1271,3,91304,s0962,156,ct,y
1271,4,42915,s0525,194,ct,y
1271,5,103455,s1059,17,ct,z
83,1,122943,s1296,166,ct,x
83,2,77351,s0810,132,ct,y
83,3,39292,s0477,162,ct,y
83,4,112447,s1167,118,ct,y
83,5,83481,s0889,120,ct,y
476,1,136746,s0428,11,mri,x
476,2,135397,s0288,28,mri,z
476,3,134558,s0177,15,mri,z
476,4,137008,s0495,1,mri,y
476,5,133957,s0080,14,mri,y
1469,1,25675,s0278,110,ct,z
1469,2,24452,s0262,63,ct,x
1469,3,104522,s1065,246,ct,x
1469,4,99208,s1032,145,ct,z
1469,5,33070,s0368,55,ct,x
1817,1,12166,s0123,67,ct,y
1817,2,64898,s0721,85,ct,y
1817,3,77350,s0810,131,ct,y
1817,4,61396,s0688,97,ct,y
1817,5,71633,s0771,144,ct,y
0,1,33079,s0368,64,ct,x
0,2,77342,s0810,123,ct,y
0,3,102253,s1050,72,ct,y
0,4,107445,s1094,135,ct,y
0,5,89448,s0957,132,ct,y
901,1,134992,s0233,37,mri,z
901,2,134552,s0177,9,mri,z
901,3,136227,s0356,8,mri,z
901,4,135609,s0294,55,mri,z
901,5,133717,s0060,6,mri,z
1418,1,10503,s0103,59,ct,y
1418,2,135648,s0295,22,mri,z
1418,3,99202,s1032,139,ct,z
1418,4,96235,s1003,180,ct,z
1418,5,37275,s0411,144,ct,z
303,1,11304,s0115,162,ct,x
303,2,106844,s1083,48,ct,y
303,3,15369,s0157,92,ct,y
303,4,106200,s1077,75,ct,y
303,5,56116,s0643,96,ct,x
1950,1,137374,s0526,81,mri,x
1950,2,133583,s0021,18,mri,y
1950,3,137209,s0511,95,mri,y
1950,4,136247,s0356,28,mri,z
1950,5,137632,s0567,12,mri,y
1619,1,123064,s1296,85,ct,y
1619,2,61853,s0696,115,ct,x
1619,3,57415,s0653,55,ct,z
1619,4,78454,s0840,8,ct,y
1619,5,22597,s0240,159,ct,y
1608,1,17923,s0172,51,ct,z
1608,2,61511,s0688,7,ct,z
1608,3,34124,s0376,21,ct,z
1608,4,43706,s0536,191,ct,y
1608,5,102501,s1050,206,ct,z
18,1,135647,s0295,21,mri,z
18,2,135588,s0294,34,mri,z
18,3,135908,s0327,20,mri,z
18,4,137014,s0495,7,mri,y
18,5,134954,s0225,89,mri,z
247,1,81455,s0866,123,ct,y
247,2,107467,s1094,157,ct,y
247,3,103870,s1061,135,ct,y
247,4,37876,s0422,86,ct,y
247,5,120583,s1278,107,ct,y
1169,1,126890,s1344,126,ct,y
1169,2,96286,s1004,44,ct,x
1169,3,7742,s0065,135,ct,y
1169,4,43082,s0532,102,ct,x
1169,5,91300,s0962,152,ct,y
3807,1,135175,s0272,29,mri,z
3807,2,135965,s0340,26,mri,z
3807,3,134129,s0128,50,mri,z
3807,4,135697,s0295,71,mri,z
3807,5,134874,s0225,9,mri,z
7758,1,134103,s0128,24,mri,z
7758,2,133574,s0021,9,mri,y
7758,3,133978,s0082,15,mri,y
7758,4,112595,s1167,96,ct,z
7758,5,136311,s0360,22,mri,z
6700,1,134543,s0177,0,mri,z
6700,2,56882,s0647,71,ct,z
6700,3,134714,s0204,9,mri,z
6700,4,133688,s0051,10,mri,y
6700,5,137203,s0511,89,mri,y
302,1,106025,s1077,95,ct,x
302,2,102210,s1050,29,ct,y
302,3,34690,s0378,74,ct,z
302,4,69640,s0747,117,ct,x
302,5,118474,s1258,102,ct,x
396,1,32691,s0367,76,ct,y
396,2,71622,s0771,133,ct,y
396,3,135898,s0327,10,mri,z
396,4,113488,s1172,91,ct,y
396,5,78452,s0840,6,ct,y
1217,1,110680,s1124,383,ct,z
1217,2,77679,s0810,255,ct,z
1217,3,3814,s0029,287,ct,z
1217,4,112709,s1167,210,ct,z
1217,5,89765,s0957,266,ct,z
833,1,121104,s1280,132,ct,x
833,2,43649,s0536,134,ct,y
833,3,99514,s1033,79,ct,y
833,4,61417,s0688,118,ct,y
833,5,43080,s0532,100,ct,x
571,1,53768,s0621,74,ct,y
571,2,121190,s1280,37,ct,y
571,3,119120,s1272,43,ct,y
571,4,14784,s0146,20,ct,y
571,5,80163,s0860,34,ct,y
455,1,32706,s0367,91,ct,y
455,2,101287,s1046,156,ct,x
455,3,134518,s0153,87,mri,y
455,4,39978,s0490,76,ct,y
455,5,72852,s0773,131,ct,y
1232,1,21736,s0212,155,ct,z
1232,2,137582,s0557,10,mri,z
1232,3,85719,s0912,153,ct,y
1232,4,53868,s0621,174,ct,y
1232,5,115409,s1196,94,ct,x
320,1,135060,s0249,9,mri,y
320,2,62203,s0696,67,ct,z
320,3,68228,s0737,320,ct,z
320,4,134125,s0128,46,mri,z
320,5,134543,s0177,0,mri,z
262,1,99447,s1033,12,ct,y
262,2,42836,s0525,115,ct,y
262,3,117540,s1237,20,ct,y
262,4,108152,s1096,220,ct,y
262,5,12124,s0123,25,ct,y
1709,1,101823,s1046,284,ct,z
1709,2,104525,s1065,249,ct,x
1709,3,117608,s1237,88,ct,y
1709,4,314,s0002,8,ct,z
1709,5,8513,s0067,36,ct,z
80,1,134683,s0201,50,mri,z
80,2,136940,s0481,64,mri,y
80,3,137008,s0495,1,mri,y
80,4,137045,s0497,16,mri,z
80,5,135633,s0295,7,mri,z
458,1,67345,s0736,104,ct,y
458,2,128862,s1370,58,ct,y
458,3,119123,s1272,46,ct,y
458,4,11556,s0115,210,ct,y
458,5,113477,s1172,80,ct,y
274,1,128068,s1361,156,ct,y
274,2,111170,s1130,174,ct,y
274,3,30856,s0358,127,ct,y
274,4,18355,s0178,143,ct,y
274,5,7731,s0065,124,ct,y
1540,1,134819,s0211,0,mri,y
1540,2,134116,s0128,37,mri,z
1540,3,28479,s0313,76,ct,y
1540,4,134410,s0149,149,mri,y
1540,5,134434,s0153,3,mri,y
1064,1,81462,s0866,130,ct,y
1064,2,4557,s0050,112,ct,x
1064,3,22609,s0240,171,ct,y
1064,4,77354,s0810,135,ct,y
1064,5,79289,s0859,155,ct,y
51,1,101807,s1046,268,ct,z
51,2,10911,s0110,48,ct,y
51,3,115705,s1196,180,ct,y
51,4,119286,s1272,27,ct,z
51,5,21841,s0212,260,ct,z
1456,1,74018,s0782,12,ct,z
1456,2,92664,s0971,103,ct,y
1456,3,18299,s0178,87,ct,y
1456,4,34138,s0376,35,ct,z
1456,5,72874,s0773,153,ct,y
1624,1,135026,s0233,71,mri,z
1624,2,45494,s0563,49,ct,y
1624,3,134555,s0177,12,mri,z
1624,4,134527,s0153,96,mri,y
1624,5,134717,s0204,12,mri,z
789,1,69536,s0744,107,ct,z
789,2,25688,s0278,123,ct,z
789,3,45671,s0563,153,ct,z
789,4,57951,s0654,102,ct,z
789,5,124961,s1325,46,ct,y
509,1,62172,s0696,36,ct,z
509,2,103439,s1059,1,ct,z
509,3,81002,s0865,19,ct,z
509,4,69797,s0747,58,ct,y
509,5,34622,s0378,6,ct,z
9,1,96796,s1008,36,ct,x
9,2,53763,s0621,69,ct,y
9,3,64850,s0721,37,ct,y
9,4,95310,s0992,238,ct,x
9,5,30120,s0328,244,ct,x
442,1,123091,s1296,112,ct,y
442,2,70562,s0754,79,ct,y
442,3,57147,s0653,81,ct,x
442,4,43660,s0536,145,ct,y
442,5,12210,s0123,111,ct,y
564,1,54706,s0629,139,ct,y
564,2,41889,s0513,158,ct,y
564,3,74517,s0794,127,ct,x
564,4,132373,s1422,163,ct,y
564,5,48426,s0587,174,ct,y
902,1,127995,s1361,83,ct,y
902,2,101145,s1046,14,ct,x
902,3,7436,s0065,21,ct,x
902,4,99230,s1033,0,ct,x
902,5,110284,s1124,254,ct,y
346,1,62063,s0696,131,ct,y
346,2,29316,s0325,288,ct,z
346,3,56365,s0643,16,ct,z
346,4,61385,s0688,86,ct,y
346,5,57809,s0654,156,ct,y
508,1,134720,s0204,15,mri,z
508,2,108060,s1096,128,ct,y
508,3,119226,s1272,149,ct,y
508,4,134118,s0128,39,mri,z
508,5,133504,s0015,79,mri,z
1103,1,134958,s0233,3,mri,z
1103,2,117329,s1234,251,ct,z
1103,3,90825,s0960,61,ct,z
1103,4,27869,s0301,130,ct,z
1103,5,99771,s1033,155,ct,z
250,1,43671,s0536,156,ct,y
250,2,71672,s0771,183,ct,y
250,3,88391,s0951,159,ct,y
250,4,58367,s0664,187,ct,y
250,5,6308,s0058,154,ct,y
1588,1,4737,s0050,38,ct,y
1588,2,62001,s0696,69,ct,y
1588,3,71611,s0771,122,ct,y
1588,4,115794,s1196,71,ct,z
1588,5,70348,s0754,200,ct,x
427,1,83495,s0889,134,ct,y
427,2,131693,s1418,148,ct,y
427,3,82028,s0870,68,ct,y
427,4,7651,s0065,44,ct,y
427,5,43686,s0536,171,ct,y
16,1,7735,s0065,128,ct,y
16,2,81428,s0866,96,ct,y
16,3,48396,s0587,144,ct,y
16,4,99516,s1033,81,ct,y
16,5,83465,s0889,104,ct,y
2001,1,94883,s0984,29,ct,y
2001,2,87996,s0949,156,ct,z
2001,3,106702,s1083,120,ct,x
2001,4,96658,s1004,30,ct,z
2001,5,133414,s0003,19,mri,z
1017,1,134079,s0128,0,mri,z
1017,2,135066,s0249,15,mri,y
1017,3,133601,s0022,0,mri,y
1017,4,134713,s0204,8,mri,z
1017,5,133827,s0064,82,mri,y
177,1,134618,s0200,33,mri,y
177,2,135589,s0294,35,mri,z
177,3,137042,s0497,13,mri,z
177,4,136253,s0356,34,mri,z
177,5,134563,s0177,20,mri,z
265,1,114756,s1178,120,ct,y
265,2,5104,s0050,232,ct,z
265,3,131589,s1418,44,ct,y
265,4,9705,s0086,142,ct,y
265,5,1004,s0004,17,ct,y
1930,1,117253,s1234,175,ct,z
1930,2,72413,s0772,91,ct,z
1930,3,104513,s1065,237,ct,x
1930,4,45651,s0563,133,ct,z
1930,5,28536,s0313,25,ct,z
287,1,70537,s0754,54,ct,y
287,2,6111,s0058,153,ct,x
287,3,66184,s0726,73,ct,y
287,4,100073,s1038,82,ct,y
287,5,76390,s0806,49,ct,y
246,1,27840,s0301,101,ct,z
246,2,51753,s0611,32,ct,z
246,3,102214,s1050,33,ct,y
246,4,57222,s0653,9,ct,y
246,5,92671,s0971,110,ct,y
555,1,137244,s0517,18,mri,z
555,2,134629,s0200,44,mri,y
555,3,4129,s0048,188,ct,x
555,4,27880,s0301,141,ct,z
555,5,136231,s0356,12,mri,z
27,1,135644,s0295,18,mri,z
27,2,134547,s0177,4,mri,z
27,3,4710,s0050,11,ct,y
27,4,134863,s0211,44,mri,y
27,5,135056,s0249,5,mri,y
1079,1,74246,s0792,69,ct,y
1079,2,21960,s0233,52,ct,x
1079,3,70768,s0754,97,ct,z
1079,4,88015,s0949,175,ct,z
1079,5,25618,s0278,53,ct,z
76,1,96337,s1004,95,ct,x
76,2,134591,s0200,6,mri,y
76,3,135603,s0294,49,mri,z
76,4,33412,s0374,108,ct,x
76,5,133590,s0021,25,mri,y
1438,1,135112,s0271,26,mri,z
1438,2,134559,s0177,16,mri,z
1438,3,133791,s0064,46,mri,y
1438,4,136985,s0481,109,mri,y
1438,5,136660,s0419,15,mri,z
1856,1,37377,s0417,113,ct,x
1856,2,25684,s0278,119,ct,z
1856,3,42914,s0525,193,ct,y
1856,4,18027,s0172,155,ct,z
1856,5,8392,s0067,58,ct,y
3632,1,108389,s1102,109,ct,x
3632,2,39278,s0477,148,ct,y
3632,3,71458,s0771,172,ct,x
3632,4,95419,s0992,154,ct,y
3632,5,113884,s1176,101,ct,x
1411,1,101854,s1046,315,ct,z
1411,2,134551,s0177,8,mri,z
1411,3,134116,s0128,37,mri,z
1411,4,87858,s0949,18,ct,z
1411,5,134498,s0153,67,mri,y
1304,1,118716,s1258,169,ct,y
1304,2,81038,s0865,55,ct,z
1304,3,59955,s0684,66,ct,y
1304,4,21120,s0209,294,ct,z
1304,5,24906,s0270,77,ct,x
279,1,39983,s0490,81,ct,y
279,2,57410,s0653,50,ct,z
279,3,77351,s0810,132,ct,y
279,4,79239,s0859,105,ct,y
279,5,12173,s0123,74,ct,y
157,1,99858,s1038,92,ct,x
157,2,62474,s0702,131,ct,x
157,3,45807,s0571,149,ct,x
157,4,19405,s0193,188,ct,x
157,5,67613,s0737,77,ct,x
65,1,61173,s0688,84,ct,x
65,2,27003,s0294,56,ct,x
65,3,34779,s0378,163,ct,z
65,4,62252,s0696,116,ct,z
65,5,99516,s1033,81,ct,y
426,1,136418,s0361,35,mri,x
426,2,114740,s1178,104,ct,y
426,3,32161,s0366,235,ct,y
426,4,137486,s0530,28,mri,z
426,5,136492,s0394,10,mri,x
1024,1,938,s0004,174,ct,x
1024,2,79982,s0860,170,ct,x
1024,3,93550,s0978,177,ct,x
1024,4,114767,s1178,131,ct,y
1024,5,12053,s0123,189,ct,x
1451,1,51013,s0606,56,ct,y
1451,2,123073,s1296,94,ct,y
1451,3,122538,s1295,30,ct,y
1451,4,84648,s0907,158,ct,y
1451,5,30839,s0358,110,ct,y
215,1,136947,s0481,71,mri,y
215,2,135647,s0295,21,mri,z
215,3,134544,s0177,1,mri,z
215,4,59082,s0680,42,ct,y
215,5,135061,s0249,10,mri,y
586,1,70348,s0754,200,ct,x
586,2,69821,s0747,82,ct,y
586,3,124337,s1307,99,ct,y
586,4,119121,s1272,44,ct,y
586,5,114796,s1178,160,ct,y
8060,1,135669,s0295,43,mri,z
8060,2,59906,s0684,17,ct,y
8060,3,136246,s0356,27,mri,z
8060,4,137463,s0530,5,mri,z
8060,5,135065,s0249,14,mri,y
1473,1,133948,s0080,5,mri,y
1473,2,14697,s0146,173,ct,x
1473,3,137504,s0538,4,mri,z
1473,4,135070,s0249,19,mri,y
1473,5,134526,s0153,95,mri,y
899,1,45014,s0542,160,ct,y
899,2,42916,s0525,195,ct,y
899,3,21936,s0233,28,ct,x
899,4,99906,s1038,140,ct,x
899,5,18987,s0188,149,ct,y
3062,1,99859,s1038,93,ct,x
3062,2,83487,s0889,126,ct,y
3062,3,82076,s0870,116,ct,y
3062,4,8421,s0067,87,ct,y
3062,5,55524,s0637,132,ct,y
1590,1,22517,s0240,79,ct,y
1590,2,42913,s0525,192,ct,y
1590,3,45490,s0563,45,ct,y
1590,4,124975,s1325,60,ct,y
1590,5,39969,s0490,67,ct,y
176,1,115650,s1196,125,ct,y
176,2,123128,s1296,149,ct,y
176,3,63430,s0715,17,ct,x
176,4,27009,s0294,62,ct,x
176,5,78934,s0843,75,ct,z
393,1,133747,s0064,2,mri,y
393,2,134562,s0177,19,mri,z
393,3,133976,s0082,13,mri,y
393,4,136251,s0356,32,mri,z
393,5,135157,s0272,11,mri,z
1325,1,57722,s0654,69,ct,y
1325,2,68842,s0740,146,ct,y
1325,3,90089,s0958,2,ct,y
1325,4,34565,s0378,130,ct,y
1325,5,27242,s0294,100,ct,y
543,1,56372,s0643,23,ct,z
543,2,134563,s0177,20,mri,z
543,3,116693,s1227,1,ct,z
543,4,62274,s0696,138,ct,z
543,5,135677,s0295,51,mri,z
1277,1,134621,s0200,36,mri,y
1277,2,92667,s0971,106,ct,y
1277,3,76387,s0806,46,ct,y
1277,4,135061,s0249,10,mri,y
1277,5,133704,s0056,15,mri,y
385,1,133485,s0015,60,mri,z
385,2,42388,s0521,31,ct,y
385,3,134142,s0128,63,mri,z
385,4,21156,s0209,330,ct,z
385,5,73808,s0782,212,ct,x
409,1,39990,s0490,88,ct,y
409,2,135062,s0249,11,mri,y
409,3,62008,s0696,76,ct,y
409,4,96097,s1003,42,ct,z
409,5,101846,s1046,307,ct,z
1775,1,93159,s0972,45,ct,y
1775,2,59909,s0684,20,ct,y
1775,3,121210,s1280,57,ct,y
1775,4,17476,s0165,79,ct,y
1775,5,116697,s1227,5,ct,z
1781,1,61874,s0696,136,ct,x
1781,2,134556,s0177,13,mri,z
1781,3,137463,s0530,5,mri,z
1781,4,99393,s1033,163,ct,x
1781,5,134678,s0201,45,mri,z
995,1,1899,s0006,133,ct,y
995,2,41044,s0509,86,ct,y
995,3,108588,s1102,114,ct,y
995,4,86926,s0937,116,ct,y
995,5,83421,s0889,60,ct,y
1308,1,80141,s0860,12,ct,y
1308,2,73852,s0782,22,ct,y
1308,3,111727,s1137,224,ct,x
1308,4,53763,s0621,69,ct,y
1308,5,123020,s1296,41,ct,y
317,1,130347,s1407,57,ct,z
317,2,57704,s0654,51,ct,y
317,3,24664,s0262,72,ct,y
317,4,45667,s0563,149,ct,z
317,5,37523,s0417,2,ct,z
329,1,108631,s1102,157,ct,y
329,2,99943,s1038,177,ct,x
329,3,112455,s1167,126,ct,y
329,4,126036,s1337,122,ct,x
329,5,79255,s0859,121,ct,y
942,1,12161,s0123,62,ct,y
942,2,70608,s0754,125,ct,y
942,3,61190,s0688,101,ct,x
942,4,81411,s0866,79,ct,y
942,5,3231,s0029,149,ct,x
281,1,109885,s1124,102,ct,x
281,2,81459,s0866,127,ct,y
281,3,37880,s0422,90,ct,y
281,4,12030,s0123,166,ct,x
281,5,67857,s0737,104,ct,y
225,1,3232,s0029,150,ct,x
225,2,871,s0004,107,ct,x
225,3,39946,s0490,44,ct,y
225,4,119801,s1276,121,ct,y
225,5,18318,s0178,106,ct,y
1565,1,137463,s0530,5,mri,z
1565,2,134169,s0128,90,mri,z
1565,3,136878,s0481,2,mri,y
1565,4,133948,s0080,5,mri,y
1565,5,136811,s0442,53,mri,x
501,1,83348,s0889,195,ct,x
501,2,840,s0004,76,ct,x
501,3,119591,s1276,134,ct,x
501,4,14766,s0146,2,ct,y
501,5,126036,s1337,122,ct,x
203,1,114810,s1178,174,ct,y
203,2,71921,s0771,185,ct,z
203,3,70371,s0754,223,ct,x
203,4,124402,s1307,164,ct,y
203,5,48332,s0587,80,ct,y
582,1,62080,s0696,148,ct,y
582,2,72665,s0773,144,ct,x
582,3,78092,s0820,36,ct,z
582,4,126291,s1337,186,ct,y
582,5,12764,s0138,84,ct,y
360,1,128944,s1370,140,ct,y
360,2,83495,s0889,134,ct,y
360,3,122408,s1295,106,ct,x
360,4,33211,s0368,89,ct,y
360,5,96597,s1004,163,ct,y
372,1,102566,s1053,78,ct,x
372,2,86937,s0937,127,ct,y
372,3,57218,s0653,5,ct,y
372,4,35724,s0392,70,ct,y
372,5,106811,s1083,15,ct,y
299,1,102442,s1050,147,ct,z
299,2,62201,s0696,65,ct,z
299,3,123063,s1296,84,ct,y
299,4,72410,s0772,88,ct,z
299,5,134186,s0139,11,mri,z
483,1,61777,s0696,39,ct,x
483,2,28136,s0312,60,ct,y
483,3,37158,s0411,27,ct,z
483,4,117369,s1237,34,ct,x
483,5,12737,s0138,57,ct,y
574,1,80799,s0865,46,ct,x
574,2,45492,s0563,47,ct,y
574,3,86430,s0925,68,ct,y
574,4,69217,s0740,368,ct,z
574,5,37523,s0417,2,ct,z
421,1,135646,s0295,20,mri,z
421,2,126220,s1337,115,ct,y
421,3,102669,s1053,27,ct,y
421,4,135893,s0327,5,mri,z
421,5,41476,s0509,299,ct,z
58,1,134125,s0128,46,mri,z
58,2,34686,s0378,70,ct,z
58,3,134037,s0099,8,mri,x
58,4,134555,s0177,12,mri,z
58,5,116693,s1227,1,ct,z
5500,1,133711,s0060,0,mri,z
5500,2,134544,s0177,1,mri,z
5500,3,134691,s0201,58,mri,z
5500,4,108969,s1102,292,ct,z
5500,5,134595,s0200,10,mri,y
345,1,39980,s0490,78,ct,y
345,2,3421,s0029,129,ct,y
345,3,89432,s0957,116,ct,y
345,4,71605,s0771,116,ct,y
345,5,79062,s0859,116,ct,x
296,1,121239,s1280,86,ct,y
296,2,136225,s0356,6,mri,z
296,3,57735,s0654,82,ct,y
296,4,82860,s0881,56,ct,x
296,5,80990,s0865,7,ct,z
1961,1,134543,s0177,0,mri,z
1961,2,135901,s0327,13,mri,z
1961,3,134861,s0211,42,mri,y
1961,4,134117,s0128,38,mri,z
1961,5,135066,s0249,15,mri,y
449,1,102480,s1050,185,ct,z
449,2,42588,s0521,111,ct,z
449,3,80022,s0860,210,ct,x
449,4,117259,s1234,181,ct,z
449,5,25267,s0270,222,ct,y
1714,1,91311,s0962,163,ct,y
1714,2,84081,s0890,142,ct,y
1714,3,101285,s1046,154,ct,x
1714,4,22019,s0233,20,ct,y
1714,5,115629,s1196,104,ct,y
1543,1,57292,s0653,79,ct,y
1543,2,25685,s0278,120,ct,z
1543,3,100151,s1038,7,ct,z
1543,4,79300,s0859,166,ct,y
1543,5,115528,s1196,213,ct,x
338,1,24958,s0270,129,ct,x
338,2,81045,s0865,62,ct,z
338,3,42604,s0521,127,ct,z
338,4,25673,s0278,108,ct,z
338,5,102411,s1050,116,ct,z
889,1,111766,s1137,40,ct,y
889,2,99466,s1033,31,ct,y
889,3,51653,s0611,52,ct,y
889,4,91240,s0962,92,ct,y
889,5,102228,s1050,47,ct,y
318,1,137520,s0538,20,mri,z
318,2,134554,s0177,11,mri,z
318,3,137208,s0511,94,mri,y
318,4,135607,s0294,53,mri,z
318,5,133715,s0060,4,mri,z
1886,1,14111,s0145,17,ct,z
1886,2,3041,s0025,75,ct,z
1886,3,42588,s0521,111,ct,z
1886,4,122407,s1295,105,ct,x
1886,5,100162,s1038,18,ct,z
144,1,40551,s0491,106,ct,y
144,2,135060,s0249,9,mri,y
144,3,27881,s0301,142,ct,z
144,4,94208,s0983,66,ct,y
144,5,93634,s0978,36,ct,y
84,1,134554,s0177,11,mri,z
84,2,62008,s0696,76,ct,y
84,3,71029,s0754,358,ct,z
84,4,81461,s0866,129,ct,y
84,5,101461,s1046,82,ct,y
313,1,135056,s0249,5,mri,y
313,2,58291,s0664,111,ct,y
313,3,134617,s0200,32,mri,y
313,4,134068,s0103,12,mri,y
313,5,134547,s0177,4,mri,z
680,1,90176,s0958,89,ct,y
680,2,126267,s1337,162,ct,y
680,3,111962,s1137,91,ct,z
680,4,22011,s0233,12,ct,y
680,5,106272,s1077,147,ct,y
1519,1,63720,s0715,148,ct,y
1519,2,74122,s0792,49,ct,x
1519,3,104,s0002,104,ct,x
1519,4,3081,s0025,115,ct,z
1519,5,104932,s1068,198,ct,x
365,1,62169,s0696,33,ct,z
365,2,74799,s0794,223,ct,y
365,3,121065,s1280,93,ct,x
365,4,34626,s0378,10,ct,z
365,5,57837,s0654,184,ct,y
949,1,134063,s0103,7,mri,y
949,2,134550,s0177,7,mri,z
949,3,135072,s0249,21,mri,y
949,4,133565,s0021,0,mri,y
949,5,136418,s0361,35,mri,x
100,1,134855,s0211,36,mri,y
100,2,66917,s0730,79,ct,y
100,3,85298,s0909,47,ct,z
100,4,134756,s0204,51,mri,z
100,5,133975,s0082,12,mri,y
1964,1,72448,s0772,126,ct,z
1964,2,22593,s0240,155,ct,y
1964,3,27002,s0294,55,ct,x
1964,4,62137,s0696,1,ct,z
1964,5,19012,s0188,174,ct,y
454,1,57776,s0654,123,ct,y
454,2,71613,s0771,124,ct,y
454,3,61995,s0696,63,ct,y
454,4,117366,s1237,31,ct,x
454,5,68727,s0740,38,ct,x
1816,1,134371,s0149,110,mri,y
1816,2,80815,s0865,62,ct,x
1816,3,2857,s0025,40,ct,x
1816,4,137246,s0517,20,mri,z
1816,5,137007,s0495,0,mri,y
1984,1,51663,s0611,62,ct,y
1984,2,61434,s0688,135,ct,y
1984,3,96344,s1004,102,ct,x
1984,4,5573,s0052,92,ct,y
1984,5,102213,s1050,32,ct,y
1060,1,134102,s0128,23,mri,z
1060,2,97599,s1009,87,ct,x
1060,3,2945,s0025,69,ct,y
1060,4,68942,s0740,93,ct,z
1060,5,134845,s0211,26,mri,y
1566,1,72381,s0772,59,ct,z
1566,2,63251,s0706,78,ct,y
1566,3,57879,s0654,30,ct,z
1566,4,45638,s0563,120,ct,z
1566,5,99222,s1032,159,ct,z
1121,1,11505,s0115,159,ct,y
1121,2,70623,s0754,140,ct,y
1121,3,62073,s0696,141,ct,y
1121,4,24690,s0262,98,ct,y
1121,5,37147,s0411,16,ct,z
1735,1,124981,s1325,66,ct,y
1735,2,56354,s0643,5,ct,z
1735,3,25675,s0278,110,ct,z
1735,4,81033,s0865,50,ct,z
1735,5,45665,s0563,147,ct,z
948,1,71648,s0771,159,ct,y
948,2,57712,s0654,59,ct,y
948,3,133578,s0021,13,mri,y
948,4,61857,s0696,119,ct,x
948,5,56898,s0647,87,ct,z
369,1,2929,s0025,53,ct,y
369,2,86906,s0937,96,ct,y
369,3,21951,s0233,43,ct,x
369,4,28439,s0313,36,ct,y
369,5,60413,s0685,84,ct,y
422,1,104484,s1065,208,ct,x
422,2,25685,s0278,120,ct,z
422,3,63250,s0706,77,ct,y
422,4,59958,s0684,69,ct,y
422,5,17909,s0172,37,ct,z
1346,1,34022,s0376,44,ct,y
1346,2,72331,s0772,9,ct,z
1346,3,21108,s0209,282,ct,z
1346,4,17291,s0165,86,ct,x
1346,5,33121,s0368,106,ct,x
1928,1,19363,s0193,146,ct,x
1928,2,28370,s0313,68,ct,x
1928,3,93950,s0978,192,ct,z
1928,4,59092,s0680,52,ct,y
1928,5,119121,s1272,44,ct,y
1133,1,124986,s1325,71,ct,y
1133,2,62077,s0696,145,ct,y
1133,3,128884,s1370,80,ct,y
1133,4,116692,s1227,0,ct,z
1133,5,57299,s0653,86,ct,y
1171,1,7713,s0065,106,ct,y
1171,2,15398,s0157,121,ct,y
1171,3,83442,s0889,81,ct,y
1171,4,107404,s1094,94,ct,y
1171,5,30856,s0358,127,ct,y
459,1,102210,s1050,29,ct,y
459,2,111663,s1137,160,ct,x
459,3,51807,s0611,86,ct,z
459,4,18976,s0188,138,ct,y
459,5,1877,s0006,111,ct,y
1944,1,96100,s1003,45,ct,z
1944,2,32679,s0367,64,ct,y
1944,3,24713,s0262,121,ct,y
1944,4,27237,s0294,95,ct,y
1944,5,37181,s0411,50,ct,z
384,1,122586,s1295,78,ct,y
384,2,72815,s0773,94,ct,y
384,3,87790,s0949,113,ct,y
384,4,117237,s1234,159,ct,z
384,5,90006,s0958,70,ct,x
1212,1,87644,s0949,59,ct,x
1212,2,134115,s0128,36,mri,z
1212,3,74240,s0792,63,ct,y
1212,4,69492,s0744,63,ct,z
1212,5,102450,s1050,155,ct,z
655,1,135161,s0272,15,mri,z
655,2,70601,s0754,118,ct,y
655,3,135060,s0249,9,mri,y
655,4,134556,s0177,13,mri,z
655,5,56009,s0637,426,ct,z
297,1,112137,s1137,266,ct,z
297,2,3077,s0025,111,ct,z
297,3,42915,s0525,194,ct,y
297,4,17888,s0172,16,ct,z
297,5,118184,s1241,211,ct,y
233,1,22552,s0240,114,ct,y
233,2,5612,s0052,131,ct,y
233,3,84053,s0890,114,ct,y
233,4,17291,s0165,86,ct,x
233,5,37136,s0411,5,ct,z
1904,1,34628,s0378,12,ct,z
1904,2,69229,s0740,380,ct,z
1904,3,28193,s0312,22,ct,z
1904,4,45030,s0542,176,ct,y
1904,5,22354,s0240,146,ct,x
256,1,25687,s0278,122,ct,z
256,2,31673,s0360,133,ct,y
256,3,118698,s1258,151,ct,y
256,4,122403,s1295,101,ct,x
256,5,21107,s0209,281,ct,z
288,1,35707,s0392,53,ct,y
288,2,61802,s0696,64,ct,x
288,3,14683,s0146,159,ct,x
288,4,4598,s0050,153,ct,x
288,5,76357,s0806,16,ct,y
1636,1,42908,s0525,187,ct,y
1636,2,135063,s0249,12,mri,y
1636,3,135909,s0327,21,mri,z
1636,4,137200,s0511,86,mri,y
1636,5,133684,s0051,6,mri,y
209,1,103168,s1059,115,ct,x
209,2,42430,s0521,73,ct,y
209,3,80935,s0865,71,ct,y
209,4,51666,s0611,65,ct,y
209,5,107417,s1094,107,ct,y
5,1,81443,s0866,111,ct,y
5,2,121198,s1280,45,ct,y
5,3,15337,s0157,60,ct,y
5,4,82106,s0870,146,ct,y
5,5,77341,s0810,122,ct,y
7611,1,19336,s0193,119,ct,x
7611,2,91303,s0962,155,ct,y
7611,3,101764,s1046,225,ct,z
7611,4,80002,s0860,190,ct,x
7611,5,67619,s0737,83,ct,x
1761,1,133953,s0080,10,mri,y
1761,2,21466,s0212,59,ct,y
1761,3,134085,s0128,6,mri,z
1761,4,137139,s0511,25,mri,y
1761,5,134619,s0200,34,mri,y
781,1,117423,s1237,88,ct,x
781,2,134555,s0177,12,mri,z
781,3,97805,s1009,61,ct,y
781,4,134119,s0128,40,mri,z
781,5,133582,s0021,17,mri,y
742,1,107983,s1096,51,ct,y
742,2,61383,s0688,84,ct,y
742,3,99479,s1033,44,ct,y
742,4,14799,s0146,35,ct,y
742,5,66999,s0730,161,ct,y
244,1,105033,s1068,134,ct,y
244,2,74145,s0792,72,ct,x
244,3,73576,s0776,126,ct,z
244,4,99209,s1032,146,ct,z
244,5,34124,s0376,21,ct,z
1439,1,134605,s0200,20,mri,y
1439,2,93626,s0978,28,ct,y
1439,3,135161,s0272,15,mri,z
1439,4,135610,s0294,56,mri,z
1439,5,136417,s0361,34,mri,x
1849,1,8386,s0067,52,ct,y
1849,2,135181,s0272,35,mri,z
1849,3,25126,s0270,81,ct,y
1849,4,63550,s0715,137,ct,x
1849,5,33982,s0376,4,ct,y
746,1,12209,s0123,110,ct,y
746,2,4036,s0048,95,ct,x
746,3,77341,s0810,122,ct,y
746,4,244,s0002,59,ct,y
746,5,53869,s0621,175,ct,y
1628,1,73585,s0776,135,ct,z
1628,2,78076,s0820,20,ct,z
1628,3,45671,s0563,153,ct,z
1628,4,81043,s0865,60,ct,z
1628,5,102199,s1050,18,ct,y
70,1,130424,s1410,59,ct,x
70,2,77341,s0810,122,ct,y
70,3,68773,s0740,77,ct,y
70,4,83467,s0889,106,ct,y
70,5,69494,s0744,65,ct,z
1019,1,87996,s0949,156,ct,z
1019,2,51660,s0611,59,ct,y
1019,3,96481,s1004,47,ct,y
1019,4,80793,s0865,40,ct,x
1019,5,102467,s1050,172,ct,z
673,1,18369,s0178,157,ct,y
673,2,69493,s0744,64,ct,z
673,3,62294,s0696,158,ct,z
673,4,73441,s0776,124,ct,y
673,5,66690,s0730,6,ct,x
435,1,25182,s0270,137,ct,y
435,2,67671,s0737,135,ct,x
435,3,17510,s0165,113,ct,y
435,4,42662,s0525,105,ct,x
435,5,34143,s0376,40,ct,z
480,1,118597,s1258,50,ct,y
480,2,134768,s0204,63,mri,z
480,3,25678,s0278,113,ct,z
480,4,21946,s0233,38,ct,x
480,5,99193,s1032,130,ct,z
487,1,136622,s0416,57,mri,y
487,2,135060,s0249,9,mri,y
487,3,99489,s1033,54,ct,y
487,4,134128,s0128,49,mri,z
487,5,134548,s0177,5,mri,z
1795,1,28351,s0313,49,ct,x
1795,2,88783,s0952,37,ct,y
1795,3,80804,s0865,51,ct,x
1795,4,75591,s0804,154,ct,y
1795,5,99481,s1033,46,ct,y
357,1,137267,s0517,41,mri,z
357,2,45494,s0563,49,ct,y
357,3,134552,s0177,9,mri,z
357,4,56719,s0647,14,ct,y
357,5,27225,s0294,83,ct,y
88,1,80277,s0860,148,ct,y
88,2,68230,s0737,322,ct,z
88,3,25997,s0287,119,ct,y
88,4,70566,s0754,83,ct,y
88,5,60126,s0684,63,ct,z
181,1,73436,s0776,119,ct,y
181,2,118702,s1258,155,ct,y
181,3,131706,s1418,161,ct,y
181,4,96467,s1004,33,ct,y
181,5,8815,s0083,99,ct,x
236,1,51728,s0611,7,ct,z
236,2,31669,s0360,129,ct,y
236,3,92670,s0971,109,ct,y
236,4,15427,s0157,150,ct,y
236,5,108031,s1096,99,ct,y
843,1,21964,s0233,56,ct,x
843,2,96035,s1003,99,ct,y
843,3,117548,s1237,28,ct,y
843,4,128836,s1370,32,ct,y
843,5,73856,s0782,26,ct,y
271,1,18010,s0172,138,ct,z
271,2,42820,s0525,99,ct,y
271,3,4062,s0048,121,ct,x
271,4,99208,s1032,145,ct,z
271,5,3066,s0025,100,ct,z
765,1,45492,s0563,47,ct,y
765,2,130498,s1410,28,ct,y
765,3,123620,s1303,77,ct,y
765,4,99200,s1032,137,ct,z
765,5,42835,s0525,114,ct,y
686,1,18352,s0178,140,ct,y
686,2,85147,s0909,24,ct,y
686,3,126915,s1344,151,ct,y
686,4,5637,s0052,156,ct,y
686,5,106966,s1083,10,ct,z
594,1,42830,s0525,109,ct,y
594,2,99463,s1033,28,ct,y
594,3,79186,s0859,240,ct,x
594,4,27238,s0294,96,ct,y
594,5,73855,s0782,25,ct,y
468,1,17588,s0165,191,ct,y
468,2,1419,s0004,273,ct,z
468,3,51727,s0611,6,ct,z
468,4,115650,s1196,125,ct,y
468,5,91325,s0962,177,ct,y
21,1,92688,s0971,127,ct,y
21,2,97816,s1009,72,ct,y
21,3,90017,s0958,81,ct,x
21,4,111782,s1137,56,ct,y
21,5,91238,s0962,90,ct,y
1921,1,134535,s0153,104,mri,y
1921,2,42477,s0521,0,ct,z
1921,3,133594,s0021,29,mri,y
1921,4,134608,s0200,23,mri,y
1921,5,135014,s0233,59,mri,z
932,1,99905,s1038,139,ct,x
932,2,124978,s1325,63,ct,y
932,3,73854,s0782,24,ct,y
932,4,82879,s0881,75,ct,x
932,5,42691,s0525,134,ct,x
118,1,47291,s0585,119,ct,x
118,2,91304,s0962,156,ct,y
118,3,18017,s0172,145,ct,z
118,4,82075,s0870,115,ct,y
118,5,99933,s1038,167,ct,x
1510,1,86913,s0937,103,ct,y
1510,2,135063,s0249,12,mri,y
1510,3,70333,s0754,185,ct,x
1510,4,133791,s0064,46,mri,y
1510,5,108581,s1102,107,ct,y
151,1,62068,s0696,136,ct,y
151,2,72410,s0772,88,ct,z
151,3,28171,s0312,0,ct,z
151,4,56378,s0643,29,ct,z
151,5,93054,s0972,82,ct,x
142,1,111977,s1137,106,ct,z
142,2,21959,s0233,51,ct,x
142,3,92672,s0971,111,ct,y
142,4,4063,s0048,122,ct,x
142,5,72760,s0773,39,ct,y
413,1,28379,s0313,77,ct,x
413,2,118465,s1258,93,ct,x
413,3,129619,s1395,135,ct,y
413,4,126168,s1337,63,ct,y
413,5,21957,s0233,49,ct,x
861,1,110170,s1124,140,ct,y
861,2,17766,s0172,66,ct,x
861,3,200,s0002,15,ct,y
861,4,9317,s0084,56,ct,y
861,5,111958,s1137,87,ct,z
1953,1,25286,s0270,241,ct,y
1953,2,133699,s0056,10,mri,y
1953,3,99405,s1033,175,ct,x
1953,4,91289,s0962,141,ct,y
1953,5,74016,s0782,10,ct,z
1707,1,134715,s0204,10,mri,z
1707,2,42564,s0521,87,ct,z
1707,3,135893,s0327,5,mri,z
1707,4,135068,s0249,17,mri,y
1707,5,134117,s0128,38,mri,z
1752,1,133784,s0064,39,mri,y
1752,2,80245,s0860,116,ct,y
1752,3,135061,s0249,10,mri,y
1752,4,86912,s0937,102,ct,y
1752,5,133581,s0021,16,mri,y
310,1,63427,s0715,14,ct,x
310,2,12203,s0123,104,ct,y
310,3,3065,s0025,99,ct,z
310,4,15124,s0146,194,ct,z
310,5,91309,s0962,161,ct,y
7291,1,133581,s0021,16,mri,y
7291,2,62217,s0696,81,ct,z
7291,3,118480,s1258,108,ct,x
7291,4,134100,s0128,21,mri,z
7291,5,134593,s0200,8,mri,y
1094,1,69366,s0744,29,ct,y
1094,2,121198,s1280,45,ct,y
1094,3,72271,s0772,72,ct,y
1094,4,130347,s1407,57,ct,z
1094,5,68723,s0740,34,ct,x
85,1,24477,s0262,88,ct,x
85,2,37175,s0411,44,ct,z
85,3,97897,s1009,22,ct,z
85,4,56409,s0643,60,ct,z
85,5,20758,s0209,54,ct,y
4329,1,134640,s0201,7,mri,z
4329,2,57718,s0654,65,ct,y
4329,3,22535,s0240,97,ct,y
4329,4,89062,s0952,198,ct,z
4329,5,56354,s0643,5,ct,z
1432,1,134559,s0177,16,mri,z
1432,2,45007,s0542,153,ct,y
1432,3,114807,s1178,171,ct,y
1432,4,62169,s0696,33,ct,z
1432,5,83520,s0889,159,ct,y
1873,1,134540,s0153,109,mri,y
1873,2,62233,s0696,97,ct,z
1873,3,135070,s0249,19,mri,y
1873,4,134616,s0200,31,mri,y
1873,5,134120,s0128,41,mri,z
1355,1,134554,s0177,11,mri,z
1355,2,130348,s1407,58,ct,z
1355,3,71642,s0771,153,ct,y
1355,4,61863,s0696,125,ct,x
1355,5,133593,s0021,28,mri,y
135,1,137527,s0538,27,mri,z
135,2,135060,s0249,9,mri,y
135,3,81631,s0866,92,ct,z
135,4,134713,s0204,8,mri,z
135,5,133727,s0060,16,mri,z
1869,1,34565,s0378,130,ct,y
1869,2,126203,s1337,98,ct,y
1869,3,133804,s0064,59,mri,y
1869,4,127613,s1345,121,ct,y
1869,5,62000,s0696,68,ct,y
1987,1,59903,s0684,14,ct,y
1987,2,134552,s0177,9,mri,z
1987,3,24717,s0262,125,ct,y
1987,4,63689,s0715,117,ct,y
1987,5,134722,s0204,17,mri,z
