base_model,sae_config,l0,r2_recon,alive_features_l3,dict_sizes,top_k_values,coherence_score,specificity_score,top10_coherence_mean,top50_coherence_mean,top10_specificity_mean,top50_specificity_mean,M_config,monosemanticity_top50_mean,mean_sparse_roc_auc,mean_dense_roc_auc,n_targets_kept,mean_n_features_50pct,mean_n_features_60pct,mean_n_features_70pct,mean_n_features_80pct,mean_n_features_90pct,mean_n_features_100pct,mean_roc_auc_n1,mean_roc_auc_n2,mean_roc_auc_n3,mean_roc_auc_n5,mean_roc_auc_n10,mean_roc_auc_n20,mean_roc_auc_n30,mean_roc_auc_n50,mean_roc_auc_n75,mean_roc_auc_n100
biomedparse,D_128_512_2048_8192_K_10_10_10_10,9.805438995361328,0.8903021812438965,64.68521118164062,128_512_2048_8192,10_10_10_10,0.1453003986022228,0.1863635005834938,0.5857949468493462,0.3384717962845333,0.4019109974158094,0.2346392692997828,0.1382319817185488,0.0665230292437874,0.7498208284708937,0.93002512687659,29,1.1666666666666667,2.111111111111111,12.88888888888889,46.888888888888886,78.61111111111111,100.0,0.5890074881974208,0.6960394385450714,0.7263751907766145,0.739780540637848,0.7508911861967105,0.7436550459445507,0.7419233454534329,0.7492715360546998,0.7493158756861745,0.7493158756861745
biomedparse,D_128_512_2048_8192_K_10_20_40_80,63.58565139770508,0.9182676672935486,1460.2371826171875,128_512_2048_8192,10_20_40_80,0.1186674597562246,0.1810370534897315,0.913958198626836,0.7802161217265657,0.8246464628519854,0.6606279903836239,0.7319280480213276,0.3942846970083575,0.8086920053957023,0.93002512687659,29,1.0,1.9655172413793105,10.79310344827586,44.27586206896552,73.6896551724138,94.06896551724138,0.6361721346845147,0.6897558117567848,0.7200829055597954,0.7365475200782521,0.7582726662430007,0.7705144427595475,0.7767628476129691,0.7825400571231402,0.7849040314868981,0.768488645800635
biomedparse,D_128_512_2048_8192_K_20_20_20_20,19.486875534057617,0.8922209739685059,209.7434844970703,128_512_2048_8192,20_20_20_20,0.1157765248925134,0.1696788370674135,0.7225916475057601,0.5472544058933855,0.5118401267118793,0.3255656751211651,0.2589500162803879,0.1211584083959311,0.7799958629141236,0.93002512687659,29,1.0344827586206895,1.4137931034482758,16.137931034482758,44.793103448275865,77.10344827586206,100.0,0.6604984252030082,0.7049795918867049,0.7150044959917118,0.7428271401019996,0.7618069448891791,0.7652740559775938,0.7662800569439642,0.7671874584874225,0.765383610680409,0.7658947832367402
biomedparse,D_128_512_2048_8192_K_20_40_80_160,131.6803741455078,0.9313931465148926,2272.597412109375,128_512_2048_8192,20_40_80_160,0.1010610557181018,0.1725961631989081,0.8870196553733614,0.7554217400219705,0.8185176793465269,0.6276902984307378,0.7116046485344147,0.3562108105590685,0.8398913247170828,0.93002512687659,29,1.0,1.1111111111111112,2.555555555555556,12.055555555555555,66.0,88.88888888888889,0.6674852077441701,0.6921714001417443,0.7136704042223948,0.7568503260469998,0.7963367543688787,0.8097774277176975,0.8167604749205057,0.8256998273927424,0.8179743164045913,0.8052023035100815
biomedparse,D_128_512_2048_8192_K_30_30_30_30,27.55887794494629,0.8999406099319458,406.68792724609375,128_512_2048_8192,30_30_30_30,0.1237650991122993,0.1760847304956105,0.7944110023313099,0.6708840244395867,0.7213700800843564,0.4442427652416715,0.4774305461692333,0.2207185638329173,0.795206463718314,0.93002512687659,29,1.0,1.137931034482759,8.827586206896552,27.58620689655172,74.0,98.27586206896552,0.696196548903825,0.7336748171121961,0.7567428572285497,0.7681125668594895,0.7765685733201342,0.768454657745899,0.7847069796103209,0.7851070665830516,0.786178866687904,0.785800943539429
biomedparse,D_128_512_2048_8192_K_30_60_120_240,198.9122467041016,0.9413892030715942,2686.067138671875,128_512_2048_8192,30_60_120_240,0.0966918516643836,0.1697878242442485,0.7881411193476783,0.702573327332735,0.7949242241142036,0.6019059196416655,0.5864144866115426,0.315638066189375,0.8474399290374364,0.93002512687659,29,1.0,1.6551724137931034,9.827586206896552,30.620689655172413,67.0,92.06896551724138,0.6686053836823987,0.6915889264527862,0.7260171786555424,0.7451462248754963,0.7762901163074084,0.7892821796720768,0.7998817253399442,0.8078545615784994,0.8142914272832912,0.8007267967669287
biomedparse,D_128_512_2048_8192_K_5_10_20_40,32.076961517333984,0.9096863269805908,911.9710693359376,128_512_2048_8192,5_10_20_40,0.1190759442954889,0.1765124009839627,0.8681394033961827,0.7254151949849394,0.7776143179042234,0.5595594850337197,0.6433155610392716,0.2800635742597946,0.7685309348024795,0.93002512687659,29,1.0,8.068965517241379,21.24137931034483,63.03448275862069,79.62068965517241,96.72413793103448,0.6535735417129069,0.6732972317571737,0.700323593338898,0.7134022358183484,0.7306468568449889,0.737521687029457,0.7412845696554907,0.746227468510058,0.7467754902841767,0.7475136291124463
biomedparse,D_128_512_2048_8192_K_5_5_5_5,4.615756988525391,0.8942758440971375,47.25545501708984,128_512_2048_8192,5_5_5_5,0.1097184229617231,0.1648021247632674,0.5609555070640313,0.2808748394122554,0.2966141179251043,0.1970117786635578,0.0850689411649558,0.0440957478471905,0.6467682506390243,0.93002512687659,29,1.0689655172413792,11.448275862068966,76.13793103448276,82.96551724137932,100.0,100.0,0.6085328109363543,0.6098740171921951,0.6216270718998447,0.6104499716236731,0.616299768162663,0.6173571822123466,0.6167705511332116,0.6158445585643171,0.6158445585643171,0.6162028716886492
biomedparse,D_16_64_256_1024_K_10_10_10_10,8.290258407592773,0.8979563117027283,116.47966003417967,16_64_256_1024,10_10_10_10,0.1189286377493586,0.1644573316027218,0.7049550737606154,0.4986658227588567,0.5016701613552839,0.3020618298737755,0.2634266072327808,0.1151650623691173,0.7309138001120074,0.93002512687659,29,1.0,1.2413793103448276,25.517241379310345,60.03448275862069,79.55172413793103,100.0,0.6635826453740928,0.6976550699783332,0.714282099961347,0.7035765808353551,0.7286329687011251,0.7316849003288886,0.7305646237605621,0.7145376460640523,0.7304175320475809,0.731034893795935
biomedparse,D_16_64_256_1024_K_10_20_40_80,67.1768569946289,0.9186555743217468,571.2780151367188,16_64_256_1024,10_20_40_80,0.1225140940249291,0.1727484452864841,0.7137020258771049,0.5991477836809225,0.5140606745844354,0.3650877057986039,0.2552248926091943,0.1377663978294974,0.817489006778395,0.93002512687659,29,1.0,9.10344827586207,11.10344827586207,37.89655172413793,77.41379310344827,91.03448275862068,0.6417085346230388,0.6841575295601738,0.6881281353638464,0.7133239486290038,0.7577160831064969,0.7699616102060343,0.7790230662948839,0.7842964111136388,0.7724609593304466,0.7916494763326545
biomedparse,D_16_64_256_1024_K_5_10_20_40,33.00493621826172,0.9095435738563538,403.896728515625,16_64_256_1024,5_10_20_40,0.1307210883013035,0.1795426326071721,0.79164874792099,0.6330988830601175,0.6922731597807403,0.437760706207155,0.4802896085521972,0.1911577756643063,0.795583339393383,0.93002512687659,29,1.0,1.2413793103448276,12.758620689655173,42.06896551724138,74.58620689655173,100.0,0.6466305193366584,0.7139230062457032,0.7264201239208217,0.7362417051763485,0.7559072255548243,0.760328760044974,0.7669722393733726,0.7740371303319185,0.7776847847772703,0.7782423719228826
biomedparse,D_16_64_256_1024_K_5_5_5_5,4.457793235778809,0.8949437141418457,54.57462310791016,16_64_256_1024,5_5_5_5,0.1161735382162902,0.1587393398741141,0.6178296935889456,0.3697840155015388,0.3372145982489581,0.2203037896579878,0.1055897633992051,0.0601675439331734,0.6928048200643223,0.93002512687659,29,1.0,8.448275862068966,42.10344827586207,76.10344827586206,79.51724137931035,100.0,0.6577601300458372,0.6711208442566099,0.6783355412660733,0.6758271231865284,0.6699482330778185,0.6694964591116384,0.6834622718299198,0.6823507378574196,0.6822171823372438,0.6821142682611885
biomedparse,D_32_128_512_2048_K_10_10_10_10,9.57367706298828,0.8937456607818604,93.23733520507812,32_128_512_2048,10_10_10_10,0.1157351826247904,0.1793851300135287,0.6818842297999395,0.4544582518753078,0.4021944307482332,0.2972072085456484,0.1499232471124597,0.0903195307716494,0.7272109265229203,0.93002512687659,29,1.0,1.5172413793103448,32.89655172413793,69.48275862068965,79.82758620689656,100.0,0.6489012892613827,0.6837089001767137,0.6964426452282887,0.7051556817853724,0.7192343363068602,0.7219623713904769,0.7194578369720175,0.7213283582321195,0.7214604489752232,0.7212630979493088
biomedparse,D_32_128_512_2048_K_10_20_40_80,65.99209594726562,0.9193413853645324,845.3679809570312,32_128_512_2048,10_20_40_80,0.126421262121917,0.1800979876231433,0.819330269826783,0.6880331270512607,0.7880993485657866,0.5334163431154338,0.5730906447966263,0.2665390224792349,0.8131543046038981,0.93002512687659,29,1.0,1.3103448275862069,10.137931034482758,30.103448275862068,74.0,94.13793103448276,0.6619355252068446,0.7026547954391422,0.7284023303490994,0.7424443509223825,0.7667165539824136,0.7758351419981522,0.7813710351396018,0.7883208366342551,0.7920211711150834,0.7934747232784055
biomedparse,D_32_128_512_2048_K_20_20_20_20,18.12710952758789,0.8985597491264343,207.0474090576172,32_128_512_2048,20_20_20_20,0.1209262522075378,0.172169061191777,0.6957407811615202,0.5314791821365555,0.5384755701781865,0.3405605840249394,0.178798668825816,0.1143959186524701,0.7652860216356638,0.93002512687659,29,1.0344827586206895,1.7241379310344829,17.344827586206897,40.93103448275862,79.62068965517241,100.0,0.646736064285931,0.6933214969577445,0.7050749340584342,0.7442625170898929,0.7581674034724584,0.764509501733876,0.7675563559197767,0.7690082651613157,0.7683637830705196,0.7680643731605105
biomedparse,D_32_128_512_2048_K_20_40_80_160,134.63787841796875,0.9295542240142822,1124.4302978515625,32_128_512_2048,20_40_80_160,0.1162096142861871,0.1707790783735923,0.7802672773599625,0.6494834836820762,0.6399645333709425,0.431178236048795,0.4698614700734678,0.2140091548070052,0.8377473283675514,0.93002512687659,29,1.0,1.7586206896551724,9.241379310344827,24.724137931034484,66.41379310344827,90.20689655172414,0.6812413718941585,0.722109493287102,0.7377938637320928,0.7555402756135775,0.7696903045235651,0.7955909449831169,0.7964137230758002,0.8072834400023052,0.8140976350122586,0.8166536079179021
biomedparse,D_32_128_512_2048_K_30_30_30_30,24.78132438659668,0.9036374092102052,358.3211364746094,32_128_512_2048,30_30_30_30,0.1195044890220441,0.1723667514151516,0.7915737952126397,0.6173053108611041,0.6357425522913356,0.4015253625278302,0.3618872245775963,0.1662886128482607,0.7897952684870538,0.93002512687659,29,1.0,1.3448275862068966,13.517241379310343,43.44827586206897,73.79310344827586,100.0,0.6531071962206085,0.6718521046883645,0.693361422855106,0.7155601404813133,0.7444171671032976,0.7421629761730427,0.7539233066907345,0.7671665653091366,0.7690107393897341,0.752194061758198
biomedparse,D_32_128_512_2048_K_30_60_120_240,205.080078125,0.9389994740486144,1306.2022705078125,32_128_512_2048,30_60_120_240,0.1072917681918918,0.1655632374589116,0.778937175737487,0.6591140594532092,0.6699617990187452,0.45988541913017,0.4389258099375398,0.2094888586578775,0.8547103632458368,0.93002512687659,29,1.0344827586206895,1.4482758620689655,9.344827586206897,19.0,64.27586206896552,91.3793103448276,0.6666712653376965,0.7088627928526627,0.7379039482062646,0.771653424392619,0.7849871315339597,0.8048526963605501,0.8125318999483253,0.8195912475055658,0.8142296174195433,0.8250649557313319
biomedparse,D_32_128_512_2048_K_5_10_20_40,33.277130126953125,0.9106590747833252,561.5285034179688,32_128_512_2048,5_10_20_40,0.1219867246911157,0.1768131705708135,0.7749731017980311,0.6661529623410768,0.6730559965637813,0.4735636017181165,0.3982684717531285,0.1947187914363148,0.797301045602026,0.93002512687659,29,1.0689655172413792,1.7241379310344829,17.24137931034483,49.37931034482759,76.82758620689656,95.51724137931036,0.6509679809174682,0.6816968361651676,0.7013246553621744,0.7303805626099935,0.7450688669579338,0.7521176837224455,0.7604618577468033,0.7653581610599854,0.7690736440641737,0.7705242235293512
biomedparse,D_32_128_512_2048_K_5_5_5_5,4.694499492645264,0.8929929733276367,34.183589935302734,32_128_512_2048,5_5_5_5,0.1073493242292133,0.1623008533336743,0.5132930547619858,0.2363242280321817,0.2768452746005839,0.1792008780581938,0.0786605155430425,0.0362394151232787,0.6570763579392556,0.93002512687659,29,1.0,18.344827586206897,38.75862068965517,72.75862068965517,96.65517241379312,100.0,0.6316116602816034,0.6600018485702418,0.6618487241547174,0.6516277196259506,0.6513596420920508,0.6603664646440838,0.6503068551652045,0.6607036211891255,0.6607036211891255,0.6608149973848555
biomedparse,D_64_256_1024_4096_K_10_10_10_10,9.756620407104492,0.8932226300239563,94.75421142578124,64_256_1024_4096,10_10_10_10,0.1073600600603149,0.167188367627939,0.6844260696901217,0.4059595898712674,0.3257468310535235,0.2515144550658764,0.1221633744794975,0.0725299855104063,0.7379240837545139,0.93002512687659,29,1.0344827586206895,8.068965517241379,32.3448275862069,66.17241379310344,83.20689655172414,100.0,0.6338054792280494,0.6832406372156491,0.6897844526422122,0.7173443301808187,0.7063727478753018,0.7233271861357351,0.7063136057190535,0.7238822258201361,0.7230729603647216,0.7232735908947039
biomedparse,D_64_256_1024_4096_K_10_20_40_80,66.81074523925781,0.9187162518501282,1171.912841796875,64_256_1024_4096,10_20_40_80,0.1185355118627191,0.1781952860450177,0.8190203276607724,0.7080344412078459,0.7990018046039515,0.5813527921654019,0.579479755389366,0.2919328908109982,0.8082486368112434,0.93002512687659,29,1.0,8.517241379310345,16.655172413793103,41.03448275862069,74.55172413793103,98.27586206896552,0.6530323227021515,0.6855324605674433,0.7109959471813126,0.7245412365528604,0.7536154099977687,0.7661220881140463,0.7721306009510951,0.7777966494578918,0.7800696506857409,0.7820782454808833
biomedparse,D_64_256_1024_4096_K_20_20_20_20,19.3084774017334,0.8926101922988892,187.02891540527344,64_256_1024_4096,20_20_20_20,0.1184708294621638,0.1709799768882655,0.7237863275408745,0.5466050119863616,0.5648975305415312,0.3476974108741637,0.3423942432947068,0.1381539368683827,0.7675613973750296,0.93002512687659,29,1.0,1.4827586206896552,9.275862068965518,34.51724137931034,79.62068965517241,96.58620689655172,0.6523597797649614,0.7037286598694347,0.7186897651809327,0.7514728621282064,0.7719296772057002,0.776393429980882,0.7742398901542331,0.7743317516193238,0.7764656401993857,0.7758050729054986
biomedparse,D_64_256_1024_4096_K_20_40_80_160,127.13488006591795,0.930123209953308,1693.5760498046875,64_256_1024_4096,20_40_80_160,0.1003062388840312,0.1718548219083479,0.8048598625262577,0.6886633403326075,0.7650615055897723,0.5456155400273398,0.5764000460754314,0.2649126844155667,0.8072232649696093,0.93002512687659,29,1.0344827586206895,1.4827586206896552,11.93103448275862,29.41379310344828,70.58620689655173,92.6206896551724,0.6458119139405014,0.7070825589058266,0.7316109221650989,0.7467236020011401,0.7686544091247455,0.7853908921377412,0.7753117428800327,0.7859765096480374,0.804211323230985,0.7902450237587847
biomedparse,D_64_256_1024_4096_K_30_30_30_30,28.046283721923828,0.8967922925949097,327.0090637207031,64_256_1024_4096,30_30_30_30,0.1243876726694447,0.1764723790583817,0.7380414647526211,0.634843035341137,0.6065339777711276,0.4115965767913003,0.3013238488608176,0.1695558490053473,0.8118529464686752,0.93002512687659,29,1.0344827586206895,1.206896551724138,8.862068965517242,22.41379310344828,66.62068965517241,96.72413793103448,0.6848052604549315,0.7196309084043192,0.7455852043511877,0.7630700158227064,0.7853451975990196,0.7936743145127628,0.7963133952138499,0.7976110293282437,0.7821407730866198,0.7813624948781654
biomedparse,D_64_256_1024_4096_K_30_60_120_240,202.49465942382807,0.9409701228141784,2043.8880615234373,64_256_1024_4096,30_60_120_240,0.1012032394486378,0.1689528439697705,0.8127591503659884,0.6801873652686674,0.7581656876180382,0.525037873426078,0.5438259017399669,0.2556253503818733,0.8364558684748322,0.93002512687659,29,1.0344827586206895,1.5172413793103448,9.79310344827586,24.03448275862069,74.13793103448276,91.20689655172414,0.6448994412433341,0.7177875532871264,0.729700704064019,0.7417267551014746,0.7723918432281272,0.7926821019512044,0.8020345122495054,0.8129077121629777,0.7986308434785754,0.8179033536693391
biomedparse,D_64_256_1024_4096_K_5_10_20_40,32.340457916259766,0.9099975228309632,730.2841796875,64_256_1024_4096,5_10_20_40,0.1182331162706802,0.1750175953227152,0.7802405811018415,0.6859524713125493,0.6980588260952116,0.4938776931422587,0.4241604633046709,0.2148548994512306,0.7946977952432612,0.93002512687659,29,1.0,1.2413793103448276,17.448275862068964,55.03448275862069,76.17241379310344,93.48275862068964,0.6840656037756988,0.6972486831258025,0.712472016460939,0.7223699182437847,0.7422947529779189,0.7545062468124345,0.7592432242324885,0.7625967879083017,0.7645576389916774,0.7655408290175202
biomedparse,D_64_256_1024_4096_K_5_5_5_5,4.662977695465088,0.8945850729942322,37.64422225952149,64_256_1024_4096,5_5_5_5,0.1387031779263641,0.1709947382420473,0.5774181447509263,0.3091391351819038,0.3088582956139471,0.200012330744628,0.0923647863321129,0.0497968097359689,0.6935073453978208,0.93002512687659,29,1.0344827586206895,4.655172413793103,49.3448275862069,66.41379310344827,93.79310344827586,100.0,0.6129741905865251,0.6482346744578483,0.6711089537207319,0.6862443719682262,0.6753797672847768,0.6873863687095457,0.6744440240976517,0.6850437233297503,0.6851907186470262,0.6833067808031861
biomedparse_random,D_128_512_2048_8192_K_10_10_10_10,9.910968780517578,0.6577300429344177,51.14508819580078,128_512_2048_8192,10_10_10_10,0.1395296238452075,0.1659455124666725,0.4580608938303259,0.2640316314895947,0.3324533204128667,0.1745664700579417,0.0734879607617043,0.0402343853215657,0.6233882130246476,0.7347125569949243,24,1.0,1.4090909090909092,10.181818181818182,24.0,65.0909090909091,95.54545454545456,0.5720325582294437,0.5865061906579069,0.5888004426480442,0.6093854955232212,0.6087283982622324,0.6112134595158102,0.6113041140017607,0.6113328027051087,0.6113976862144839,0.6113976862144839
biomedparse_random,D_128_512_2048_8192_K_10_20_40_80,78.91578674316406,0.8256300687789917,351.8713073730469,128_512_2048_8192,10_20_40_80,0.1250769484794556,0.1911922486798206,0.6037611848778195,0.4419876261171367,0.7584711164083485,0.608766419729111,0.2079882835579865,0.1305653727443201,0.6447003999849533,0.7347125569949243,24,1.0,1.0833333333333333,5.291666666666667,18.75,49.25,95.875,0.6095827033302186,0.616048186702092,0.6159947625518617,0.6229550568995951,0.6242524595599642,0.6236125280356511,0.6311460178109818,0.6316371567219947,0.6316702319515463,0.6322045338503544
biomedparse_random,D_128_512_2048_8192_K_20_20_20_20,19.39204788208008,0.6746854782104492,92.40228271484376,128_512_2048_8192,20_20_20_20,0.1333825037781796,0.1633569243401806,0.532529850800832,0.3235584104259809,0.4831831798548754,0.228060920133802,0.0938741481163789,0.0546939215996014,0.6364003928469499,0.7347125569949243,24,1.0,1.0833333333333333,5.166666666666667,14.708333333333334,68.33333333333333,95.91666666666669,0.5929859338657697,0.615063878974112,0.615911611302436,0.6306221203137269,0.6332928161455246,0.63014664522772,0.6302419590876838,0.6290276364432413,0.6298442009412034,0.6298724415942317
biomedparse_random,D_128_512_2048_8192_K_20_40_80_160,157.0179901123047,0.8842716217041016,641.3595581054688,128_512_2048_8192,20_40_80_160,0.1135312200267964,0.2094257529785831,0.5924142586522632,0.466366598666542,0.7979183707180078,0.719872268170989,0.2590541142018622,0.1785815092121417,0.6561540894117454,0.7347125569949243,24,1.0,1.0,2.125,14.666666666666666,48.833333333333336,96.25,0.5764331427332424,0.6075336409344078,0.6148956580390459,0.615312820151188,0.6378763853081825,0.6402235905973447,0.6399427134001311,0.6416709328759156,0.6421933900092086,0.6421443897324877
biomedparse_random,D_128_512_2048_8192_K_30_30_30_30,29.83082389831543,0.7080767154693604,125.54812622070312,128_512_2048_8192,30_30_30_30,0.1205302766073426,0.1728472554575454,0.4695195829578571,0.3236556098370088,0.628069537774966,0.2788073909693721,0.0969491924940668,0.0574370267929248,0.6447758408748125,0.7347125569949243,24,1.0,1.0416666666666667,5.166666666666667,13.833333333333334,57.083333333333336,95.875,0.6058297642359127,0.6170506330888186,0.6160206091481771,0.6259776049981209,0.6342328125899794,0.6347570601501172,0.6362408779732384,0.6359320898877903,0.6360040857033832,0.6359141512855843
biomedparse_random,D_128_512_2048_8192_K_30_60_120_240,233.886947631836,0.9145774841308594,918.5667724609376,128_512_2048_8192,30_60_120_240,0.1091917059606969,0.211412240946799,0.618429661128256,0.5191350729821457,0.8125220431236906,0.7473365078732204,0.2604477633096109,0.1927039567331779,0.6513418216959258,0.7347125569949243,24,1.0,1.0,4.208333333333333,11.708333333333334,47.41666666666666,95.875,0.6170006607474389,0.6258160884809053,0.6236530559355536,0.6287931313307066,0.6275399772574461,0.6360284823069572,0.639213837153031,0.6401842323638589,0.642959811893698,0.6441800370364134
biomedparse_random,D_128_512_2048_8192_K_5_10_20_40,39.5482177734375,0.7675715684890747,185.6590881347656,128_512_2048_8192,5_10_20_40,0.1217104350015984,0.163397558280542,0.5698758355776469,0.3594007845612036,0.6179633713616937,0.2945175345942467,0.1027616978303501,0.063843091482047,0.641126514685127,0.7347125569949243,24,1.0,1.0416666666666667,8.25,18.25,48.0,95.875,0.6035967657634536,0.6141430834036358,0.6181589014936933,0.6277254772432015,0.6350786947278927,0.6347546549515665,0.6339294507371325,0.634400870255658,0.6345918326819439,0.6347014248319901
biomedparse_random,D_128_512_2048_8192_K_5_5_5_5,4.994597434997559,0.5872699022293091,22.431644439697266,128_512_2048_8192,5_5_5_5,0.1787358877550304,0.1682827836325131,0.4123923434731033,0.2879550970676873,0.2298880271820921,0.1682827836325131,0.0572717299009082,0.0429902456520554,0.6281540780743057,0.7347125569949243,24,1.0,1.0416666666666667,5.416666666666667,18.041666666666668,71.29166666666667,95.875,0.6066368006916223,0.6197554232953343,0.6238607043364887,0.6144172022286741,0.6256103593340726,0.6251953198369504,0.6253195197098066,0.6253195197098066,0.6253195197098066,0.6253195197098066
biomedparse_random,D_16_64_256_1024_K_10_10_10_10,9.69704818725586,0.6493434906005859,34.63221740722656,16_64_256_1024,10_10_10_10,0.1185897653095088,0.2239569260364793,0.3068409046323763,0.2284411667222465,0.4627487932429632,0.2239569260364793,0.0918148431879463,0.0475429136258148,0.6299411169870729,0.7347125569949243,24,1.0,1.0416666666666667,9.625,22.83333333333333,64.54166666666667,95.875,0.5891139926023513,0.6042974964479293,0.6021447788477864,0.62138995000501,0.6257981271317791,0.6156747580639017,0.6273399578098907,0.6274356498983991,0.6274356498983991,0.627435647955117
biomedparse_random,D_16_64_256_1024_K_10_20_40_80,79.791015625,0.7985188364982605,279.841552734375,16_64_256_1024,10_20_40_80,0.1143429651001424,0.2298518438658011,0.5545920623673334,0.3846054346172346,0.8077070747401717,0.649729235549262,0.258696857608481,0.1373766587317171,0.6472470540772555,0.7347125569949243,24,1.0,1.0,5.166666666666667,11.083333333333334,55.875,95.875,0.5975005461545629,0.621254976444203,0.6131410490320532,0.6208677319162712,0.632679564593892,0.6363645539694979,0.6389540886710284,0.6379287482021736,0.6388292630766327,0.6383115210558858
biomedparse_random,D_16_64_256_1024_K_5_10_20_40,39.730224609375,0.7491443157196045,156.3126678466797,16_64_256_1024,5_10_20_40,0.1254001845897287,0.184347271059925,0.5097610063933665,0.3358580300261577,0.6651029952984586,0.3325371330020537,0.1300214054519002,0.0691388903253417,0.6457503248501745,0.7347125569949243,24,1.0,1.0416666666666667,9.25,18.83333333333333,47.583333333333336,95.875,0.6112346091879747,0.6044929028333729,0.6123128575931442,0.6208732432465468,0.6258439837654494,0.630284364227272,0.6325325824526172,0.6328400435882168,0.6329969066643747,0.6331591289815636
biomedparse_random,D_16_64_256_1024_K_5_5_5_5,4.620462417602539,0.5986089110374451,19.505624771118164,16_64_256_1024,5_5_5_5,0.1388208859954217,0.2179797818535968,0.3325203695065445,0.2468464992789908,0.3339485430769313,0.2179797818535968,0.0648735269613989,0.0446915028512791,0.6269963587788742,0.7347125569949243,24,1.0,1.0833333333333333,9.458333333333334,17.958333333333332,67.41666666666667,95.875,0.5979373330438392,0.6069341882305265,0.6082295511431984,0.6195487103639056,0.623848452344988,0.6248663338551408,0.6248855892537472,0.624885616173879,0.624885616173879,0.6248862420327049
biomedparse_random,D_32_128_512_2048_K_10_10_10_10,9.981919288635254,0.6340792179107666,41.65471267700195,32_128_512_2048,10_10_10_10,0.1349422649075164,0.1602095428901649,0.3913592786010768,0.2474753224354756,0.3078801179291113,0.1602095428901649,0.0785866892563156,0.0386128380934505,0.6326224615338769,0.7347125569949243,24,1.0,1.125,9.291666666666666,21.83333333333333,67.83333333333333,95.875,0.5960641998039341,0.6128234002242557,0.6096962972184531,0.6223256485974714,0.6233840944028355,0.6232604982283911,0.6230126781968487,0.6230485060849037,0.6230486949614339,0.6230486369372762
biomedparse_random,D_32_128_512_2048_K_10_20_40_80,79.1795654296875,0.8178406357765198,318.70086669921875,32_128_512_2048,10_20_40_80,0.1241269371775521,0.2017643036877874,0.5905441813998753,0.4330134125865168,0.7618164453906922,0.632277749968072,0.2172547881106531,0.1207137388895735,0.6534583767327936,0.7347125569949243,24,1.0,1.125,5.375,14.458333333333334,58.16666666666666,95.875,0.6044441242241002,0.6042108833744911,0.6197116222268163,0.6240787923032486,0.6310888418391135,0.6321499075869771,0.6384024644152267,0.639092805153,0.6387872942800913,0.6365116343745493
biomedparse_random,D_32_128_512_2048_K_20_20_20_20,19.547870635986328,0.664959192276001,77.81505584716797,32_128_512_2048,20_20_20_20,0.123855726892502,0.2166962620060363,0.4626708576455712,0.2921147303208709,0.7037268589715783,0.2995344973838316,0.1459986731535215,0.0650380498101879,0.6364951264290154,0.7347125569949243,24,1.0,1.375,9.25,18.791666666666668,60.41666666666666,95.875,0.6042684322507562,0.609022709908449,0.6105171470564952,0.6054940905249931,0.6264852693691417,0.6282009030357448,0.6283941891320991,0.6282596580659532,0.6281209679193293,0.6282718113061454
biomedparse_random,D_32_128_512_2048_K_20_40_80_160,157.668212890625,0.8608853816986084,545.2735595703125,32_128_512_2048,20_40_80_160,0.1155910050619258,0.2032912224774631,0.5832847082614899,0.4625039822641346,0.8038399617701474,0.7016675941833408,0.2616945432202442,0.1687889761043174,0.6617167236953452,0.7347125569949243,24,1.0,1.0,2.75,16.958333333333332,46.958333333333336,95.875,0.6162281199680937,0.6237545958814901,0.6265459881163299,0.633426618941293,0.6231816935939712,0.6274297004701112,0.6411492427142655,0.6367596564936546,0.6447772334182292,0.6425802321969666
biomedparse_random,D_32_128_512_2048_K_30_30_30_30,30.664350509643555,0.6996642351150513,131.0787353515625,32_128_512_2048,30_30_30_30,0.1323873318021006,0.1728168101264759,0.5357998758720026,0.3455804789703752,0.6693376310145216,0.2864965235543592,0.1378138341837617,0.0686955416435913,0.6421699862356595,0.7347125569949243,24,1.0,1.0416666666666667,5.541666666666667,15.208333333333334,47.833333333333336,95.875,0.6007863426511482,0.618393089874487,0.625630197576789,0.6276509579307751,0.6321219816968605,0.6335946955975855,0.633809241512869,0.6328525061810143,0.6331474286794768,0.6319940364053043
biomedparse_random,D_32_128_512_2048_K_30_60_120_240,236.4207000732422,0.8964056372642517,776.576171875,32_128_512_2048,30_60_120_240,0.1066812016790335,0.2212767759274095,0.608857395251592,0.4830482851949831,0.8182528875076874,0.7422967656534334,0.278795248743063,0.1991632890505243,0.664076687770664,0.7347125569949243,24,1.0,1.0,4.333333333333333,11.041666666666666,47.75,95.875,0.5925474722005605,0.6238619325855029,0.6307124674511226,0.6323969308481864,0.6348347726762769,0.6388612234381076,0.6430606597111314,0.643657462897931,0.6442804718258398,0.6445069502536159
biomedparse_random,D_32_128_512_2048_K_5_10_20_40,39.341529846191406,0.7535508275032043,174.18319702148438,32_128_512_2048,5_10_20_40,0.1294246241956544,0.1856712794424775,0.5615884250485235,0.3587837133308252,0.712520155462536,0.3614306062483397,0.1598618109851308,0.0828933554633194,0.6413607201990047,0.7347125569949243,24,1.0,1.0416666666666667,9.291666666666666,18.125,59.16666666666666,95.91666666666669,0.5938367543892952,0.6145066826903368,0.6172595306844973,0.6233970322306215,0.6299262553264499,0.6317956030676016,0.6319666242653895,0.6304235639425068,0.6305056279440503,0.6317588729811313
biomedparse_random,D_32_128_512_2048_K_5_5_5_5,4.918244361877441,0.6017318367958069,22.669208526611328,32_128_512_2048,5_5_5_5,0.1469500640764184,0.1602706404331692,0.3348052698911892,0.2573994953725216,0.2046175147283961,0.1602706404331692,0.0523484446720719,0.0390213803052112,0.6146658483913361,0.7347125569949243,24,1.0,5.125,13.416666666666666,25.75,71.29166666666667,100.0,0.5960837983579675,0.6075885666720237,0.6070373682652007,0.6104119890793188,0.611075132150036,0.611153145155447,0.6110016305174012,0.6110016305174012,0.6110016305174012,0.6110016305174012
biomedparse_random,D_64_256_1024_4096_K_10_10_10_10,10.055041313171388,0.6205177903175354,43.63984298706055,64_256_1024_4096,10_10_10_10,0.1249299636866828,0.1852231844109919,0.4057574596628547,0.2357996643305307,0.3874859986016129,0.1852231844109919,0.0671893861376439,0.0378612085848725,0.6367370689383021,0.7347125569949243,24,1.0,1.0416666666666667,9.416666666666666,17.875,75.45833333333333,95.875,0.600859327345903,0.6064858612606089,0.6214514576213843,0.6292151016187071,0.6321609550907573,0.6318079745789992,0.6316447858489959,0.6315200405592941,0.6315200405592941,0.6315200405592941
biomedparse_random,D_64_256_1024_4096_K_10_20_40_80,78.02156829833984,0.8274639844894409,335.0167541503906,64_256_1024_4096,10_20_40_80,0.117060802828054,0.1893650651767889,0.5823993447754119,0.4031935011463033,0.7554037287710594,0.5911510392640126,0.1916342368386027,0.1125768468345888,0.6434344491945583,0.7347125569949243,24,1.0,1.0416666666666667,9.25,18.666666666666668,55.54166666666666,95.875,0.5955942676661673,0.6135727710429147,0.6213900822113163,0.6142521384640718,0.6309301938024353,0.6333358603431349,0.6341334868305621,0.6346598584714918,0.6345618745772456,0.634722776109443
biomedparse_random,D_64_256_1024_4096_K_20_20_20_20,19.682641983032227,0.6888207197189331,92.40953063964844,64_256_1024_4096,20_20_20_20,0.1483340073070657,0.163931640189413,0.5535290765100056,0.339125651034216,0.504671659319638,0.2276968098907627,0.0946985338002002,0.0556940477295742,0.6350193439058921,0.7347125569949243,24,1.0,1.0416666666666667,9.333333333333334,21.875,60.333333333333336,95.875,0.6006555360992348,0.6071674737558527,0.6029576309019369,0.6220688843474365,0.6275235774226059,0.6293178900623073,0.6293611683380217,0.6295383916553084,0.6295844679547851,0.6295828953856983
biomedparse_random,D_64_256_1024_4096_K_20_40_80_160,156.89358520507812,0.8789936900138855,611.225341796875,64_256_1024_4096,20_40_80_160,0.116782146060764,0.2074405733243118,0.6176194938686158,0.4780423028767108,0.7829832150776526,0.7242339032825648,0.2361157379047287,0.1756820135295375,0.6520977385682788,0.7347125569949243,24,1.0,1.2916666666666667,3.583333333333333,15.041666666666666,48.333333333333336,95.875,0.5739083997420945,0.6052057293923432,0.6061144278671292,0.6192856469994584,0.6367116575634945,0.6382166817795306,0.639365693893803,0.6427639421740008,0.6313006409180429,0.6432085200265621
biomedparse_random,D_64_256_1024_4096_K_30_30_30_30,29.84376335144043,0.6943152546882629,121.06786346435548,64_256_1024_4096,30_30_30_30,0.1199407033515,0.1757981974027447,0.4310248132670919,0.3093862836203641,0.6336740749262886,0.2840460204714522,0.1244441377455088,0.0630946477699113,0.6454940126214924,0.7347125569949243,24,1.0,1.0416666666666667,5.333333333333333,14.125,66.08333333333333,95.875,0.6085031001786323,0.6055761974764725,0.6146902111037148,0.6280611413982684,0.6330569558721577,0.6358127705800557,0.6360519773499655,0.6363057444424648,0.636061796839302,0.6361482538683578
biomedparse_random,D_64_256_1024_4096_K_30_60_120_240,236.0276641845703,0.9114020466804504,856.427001953125,64_256_1024_4096,30_60_120_240,0.1062675487284853,0.2215132973860848,0.5907556746403376,0.4855743082248503,0.8195205728425877,0.7552311158275532,0.2748036410146264,0.2022603237581348,0.6639578692972129,0.7347125569949243,24,1.0,1.0,1.4166666666666667,11.458333333333334,43.04166666666666,95.875,0.6041368520525779,0.6136893869616855,0.6347873368386823,0.633967743364806,0.6386237369641653,0.6320211928774381,0.6470029605910242,0.6451979525363967,0.6488925294153728,0.6496690243861613
biomedparse_random,D_64_256_1024_4096_K_5_10_20_40,39.38267517089844,0.7592321038246155,183.29055786132807,64_256_1024_4096,5_10_20_40,0.1203389531425932,0.1594694051540337,0.5276647537325818,0.3551817410356468,0.5862149801476729,0.2798366431087575,0.0927361629305135,0.0589566083572222,0.6354995124142843,0.7347125569949243,24,1.0,1.0833333333333333,9.333333333333334,18.375,60.16666666666666,95.875,0.605018754508252,0.6088077119211376,0.611410640499699,0.6206282958029266,0.6274370446174876,0.6278168784691585,0.6272203078666972,0.6288979735830428,0.6290289725322921,0.6289604455768285
biomedparse_random,D_64_256_1024_4096_K_5_5_5_5,5.076651096343994,0.601649820804596,15.914772987365724,64_256_1024_4096,5_5_5_5,0.1252347877186021,0.2642632609605073,0.2934486641734838,0.2320191498707841,0.3766217609696102,0.2642632609605073,0.0751111253316804,0.0537211415182525,0.6236185293289213,0.7347125569949243,24,1.0,5.208333333333333,9.708333333333334,30.0,75.83333333333333,95.875,0.5899699660823217,0.6032546804280238,0.6180153950675492,0.6186136440758306,0.6201953195611827,0.6104158779711201,0.6104158779711201,0.6104158779711201,0.6104158779711201,0.6104158779711201
dinov3,D_128_512_2048_8192_K_10_10_10_10,10.24569606781006,0.6575606465339661,909.3087158203124,128_512_2048_8192,10_10_10_10,0.0745838155835859,0.2929114400472997,0.97604020330641,0.828150888674789,0.920309033686472,0.8278278459664671,0.8387880548787059,0.6286789862825857,0.7482465223130231,0.9118156529804852,30,1.0,7.7894736842105265,11.0,40.26315789473684,100.0,100.0,0.6097684236974468,0.6499938860532083,0.6665242743527579,0.6747547424280095,0.6973742753168886,0.7038195977444026,0.7118159492115864,0.7263425110121815,0.7136987012564844,0.7110918720398423
dinov3,D_128_512_2048_8192_K_10_20_40_80,81.22785186767578,0.7568344473838806,3220.745849609375,128_512_2048_8192,10_20_40_80,0.0812844716059021,0.2376050933859278,0.9977907722526126,0.8902972340070536,0.8866543188084757,0.8186656860568304,0.8469389153096764,0.6430297943027894,0.848425918164152,0.9118156529804852,30,1.0,1.3157894736842106,3.684210526315789,15.157894736842104,45.31578947368421,94.84210526315788,0.6042957417264428,0.683439827933274,0.6913413029356218,0.7164401556400329,0.7339873585108316,0.7859879114576993,0.797837511101525,0.8064423724182547,0.8131652768627272,0.8192900279329002
dinov3,D_128_512_2048_8192_K_20_20_20_20,19.612598419189453,0.6729140281677246,1353.3255615234375,128_512_2048_8192,20_20_20_20,0.0796833312996677,0.2748578347292948,1.0,0.8620823473665449,0.9125263030812076,0.8205727667127097,0.8843740694728448,0.6369586667889799,0.8017949046064066,0.9118156529804852,30,1.0,1.2333333333333334,12.733333333333333,35.96666666666667,71.53333333333333,100.0,0.61851312767808,0.6764547215699928,0.6904293707551026,0.7014958637931976,0.7109491315083496,0.741329535035761,0.7369845992136838,0.7449511591973305,0.7622539887693771,0.7652611803262219
dinov3,D_128_512_2048_8192_K_20_40_80_160,162.6774139404297,0.8065541386604309,3838.463623046875,128_512_2048_8192,20_40_80_160,0.0743819825791671,0.2254912363700467,0.95355348666509,0.8452688722163438,0.8663785939765761,0.7608171316544009,0.7792021348704357,0.5341654198106779,0.8687962267634547,0.9118156529804852,30,1.0,1.8,4.033333333333333,24.4,45.1,97.66666666666669,0.6333940665958037,0.6795070485931197,0.716650872882087,0.7373526758885058,0.7671829996274939,0.8091725566524698,0.8184483888040415,0.8298744420369868,0.8350615465653811,0.8192175657944759
dinov3,D_128_512_2048_8192_K_30_30_30_30,29.50263977050781,0.6870829463005066,1737.56689453125,128_512_2048_8192,30_30_30_30,0.0785838033265587,0.2649261263624399,1.0,0.8679699002239439,0.8684964215539963,0.8039319599526807,0.8554675868410561,0.6050426861570438,0.8176784485692158,0.9118156529804852,30,1.0,1.2333333333333334,3.3,26.366666666666667,55.3,100.0,0.6128468289110607,0.6621561735012311,0.7020736954880491,0.7179070568230614,0.7562161169887329,0.7777848666442927,0.7835976722984807,0.7889572701837974,0.7925371806265658,0.7961905379318731
dinov3,D_128_512_2048_8192_K_30_60_120_240,247.2975616455078,0.8407958745956421,3749.867431640625,128_512_2048_8192,30_60_120_240,0.0680477059219158,0.222968972921534,0.9618334175480736,0.8486959842211671,0.8824447542298458,0.7754958119764609,0.8057408817843678,0.5165816842663283,0.8678404231537079,0.9118156529804852,30,1.0,1.1666666666666667,4.833333333333333,15.133333333333333,45.56666666666667,94.03333333333332,0.6627227005764573,0.7058265700155586,0.7235268383974475,0.7398915115151853,0.785130670637328,0.8134150822390345,0.8247947719454808,0.8414131354421531,0.849261246708586,0.8522559538032211
dinov3,D_128_512_2048_8192_K_5_10_20_40,41.18982696533203,0.7155439257621765,2450.162109375,128_512_2048_8192,5_10_20_40,0.0864059450019442,0.2557243192736635,1.0,0.8987250782483155,0.9370237519939628,0.8589165807822841,0.8843740694728448,0.7137940081809869,0.8482593490392873,0.9118156529804852,30,1.0,1.3666666666666667,6.633333333333334,25.933333333333334,46.6,96.83333333333331,0.6358194240235128,0.6740607297333855,0.705442521427272,0.7434087859001492,0.7509725358637499,0.790656653187941,0.7993752625058754,0.8079696672602888,0.8102944167212606,0.8114136570843982
dinov3,D_128_512_2048_8192_K_5_5_5_5,5.329041957855225,0.6496153473854065,571.6561889648438,128_512_2048_8192,5_5_5_5,0.0684249912701103,0.3024191835163874,0.9330059420069056,0.7228726338214345,0.8946882152016146,0.7542542245304937,0.8100502265498208,0.4678565851083903,0.6770830938129939,0.9118156529804852,30,1.0,8.266666666666667,41.2,86.06666666666666,100.0,100.0,0.5659373380423778,0.6091638571904937,0.6279511806328972,0.619014902675074,0.6415813340316796,0.6415532028610572,0.6388496916908987,0.647373646432636,0.6481885640146258,0.647620531106676
dinov3,D_16_64_256_1024_K_10_10_10_10,10.644352912902832,0.6643060445785522,423.8303833007813,16_64_256_1024,10_10_10_10,0.0979492627107476,0.2997653225387247,0.9341789997948542,0.7099370036158297,0.9158063030356004,0.7480081942574976,0.8302497348645677,0.4740020725766405,0.7862967410845951,0.9118156529804852,30,1.1,2.0,6.766666666666667,38.1,79.66666666666667,100.0,0.5675326958547724,0.6225430526750906,0.6798129739458655,0.6980626820092133,0.7311156405493491,0.7451200562538239,0.7545566187991531,0.763318815967877,0.7632263162775498,0.7631384496523493
dinov3,D_16_64_256_1024_K_10_20_40_80,84.0307388305664,0.7471707463264465,955.5371704101562,16_64_256_1024,10_20_40_80,0.1050474017871945,0.2780587889677551,0.8896813187334274,0.6988830443695185,0.8660399586030213,0.7130286703324187,0.6994033569899529,0.4019217982579307,0.8495581502046449,0.9118156529804852,30,1.0,1.1,2.566666666666667,22.83333333333333,44.86666666666667,95.86666666666666,0.6803960901154896,0.6903707645534819,0.7318978747109018,0.7692425750656153,0.7905945160149703,0.7778067503524827,0.8056168011160894,0.8142562231964341,0.8321661090977308,0.824825328688869
dinov3,D_16_64_256_1024_K_5_10_20_40,42.37947082519531,0.7129518985748291,843.017333984375,16_64_256_1024,5_10_20_40,0.1220147300929084,0.2815855624505179,0.9352888034449685,0.7821578866806296,0.8719465463988403,0.7486185250756079,0.7864322632070856,0.4706988854283755,0.8492181889931093,0.9118156529804852,30,1.0,1.2333333333333334,2.9,22.0,45.36666666666667,97.66666666666669,0.6230486585699603,0.6665879685915213,0.719645443657304,0.7476732791971553,0.7687308732075533,0.7961695884642102,0.8047161438526437,0.8096579341876147,0.8118515419043335,0.8139381916540803
dinov3,D_16_64_256_1024_K_5_5_5_5,5.374076843261719,0.6525166630744934,273.3478698730469,16_64_256_1024,5_5_5_5,0.085672360008641,0.3099767609420124,0.8368404516908858,0.6167791109946039,0.8529366884965952,0.691184136483811,0.6943319698083684,0.3561055836728914,0.7261933802002207,0.9118156529804852,30,1.1333333333333333,2.6666666666666665,23.03333333333333,56.43333333333333,97.0,100.0,0.5560425854498064,0.5903644400331867,0.6061399786101099,0.6493136848858754,0.6767608535919988,0.7050708862371,0.7080424160955697,0.7138497924468418,0.7021216631927335,0.695542297835109
dinov3,D_32_128_512_2048_K_10_10_10_10,10.346709251403809,0.6605474352836609,550.0344848632812,32_128_512_2048,10_10_10_10,0.0889979164438986,0.2960322368675892,0.96,0.7641613008065355,0.8869664005324965,0.7785098331108432,0.8315852249787643,0.5151450153962326,0.7576193565173708,0.9118156529804852,30,1.0,1.7333333333333334,14.6,43.46666666666667,75.73333333333333,100.0,0.620038138603362,0.6666467201148654,0.668009213023956,0.715606077745314,0.7349954305653805,0.7457095545860727,0.7470217821346598,0.7521014572346368,0.7256571604969845,0.7382013643443757
dinov3,D_32_128_512_2048_K_10_20_40_80,83.68843841552734,0.7502380013465881,1591.889892578125,32_128_512_2048,10_20_40_80,0.1040753322461763,0.264739292790489,0.9474640516440074,0.791152625007762,0.8613806835088308,0.7522705288664446,0.7476708596296759,0.4999228233838906,0.8476422722631747,0.9118156529804852,30,1.0,1.4666666666666666,3.3666666666666667,23.0,46.93333333333333,93.56666666666666,0.6325380787506488,0.6727478567070536,0.7050911170420747,0.7450285549235677,0.7685893431559653,0.8078497005706387,0.8187135556670688,0.8170006638980234,0.8220372027338334,0.8236146107968718
dinov3,D_32_128_512_2048_K_20_20_20_20,20.51186180114746,0.6795852184295654,831.9537963867188,32_128_512_2048,20_20_20_20,0.0956208699051013,0.2827170791547099,0.9826839424504172,0.8130556202646759,0.905128883133952,0.7862303795756052,0.8470588560816363,0.5396722027647499,0.817263671197416,0.9118156529804852,30,1.0,1.1666666666666667,9.7,33.46666666666667,66.6,100.0,0.6251546534940415,0.6611305252228127,0.6876674045901542,0.7207217534915767,0.753468053181074,0.7719025991258035,0.7635123229860076,0.7844618591691821,0.7862807734299277,0.7841379625601117
dinov3,D_32_128_512_2048_K_20_40_80_160,167.95352172851562,0.7969818711280823,1769.9072265625,32_128_512_2048,20_40_80_160,0.0877185173391075,0.2562192978976949,0.8484359350469377,0.7308237219254174,0.8245225898064072,0.6995814701866907,0.5694023776146635,0.3754692345055491,0.8598594407399373,0.9118156529804852,30,1.0,1.2,2.7666666666666666,15.166666666666666,43.53333333333333,93.7,0.6654827569545216,0.7021823023115601,0.7372484261154473,0.7613395433518629,0.7874866807259074,0.8138978725385895,0.8237095258199515,0.8317086419843559,0.8404739329651959,0.8450656971301346
dinov3,D_32_128_512_2048_K_30_30_30_30,30.85760498046875,0.6925798654556274,1029.7181396484375,32_128_512_2048,30_30_30_30,0.105539247407824,0.2750990927776021,0.9786685203181372,0.847281609343158,0.91606573848899,0.7998501376085931,0.8690349401646275,0.5751105537329803,0.8239689026639554,0.9118156529804852,30,1.0333333333333334,1.2333333333333334,3.6666666666666665,27.83333333333333,55.43333333333333,100.0,0.6295825790527831,0.6786489070921152,0.7023536765367436,0.7309810109874509,0.7602915327898301,0.792399913057184,0.7945122024157815,0.78255222680702,0.8013902976312007,0.8047267868726592
dinov3,D_32_128_512_2048_K_30_60_120_240,251.47146606445312,0.8307912349700928,1793.05078125,32_128_512_2048,30_60_120_240,0.0763286680452829,0.2578787319707379,0.8893152309126323,0.7451543210364051,0.8522536467652776,0.7256155039222653,0.6706351525572832,0.4266804428276781,0.8669614736031969,0.9118156529804852,30,1.0333333333333334,1.2333333333333334,3.4,9.0,43.266666666666666,94.66666666666669,0.646804673917117,0.6974440702320376,0.7058796207490919,0.7530604091819846,0.7963777009043267,0.8250559529418245,0.8330487579584206,0.845552667654397,0.8525954951784451,0.8566792142978306
dinov3,D_32_128_512_2048_K_5_10_20_40,41.66703796386719,0.7119721174240112,1265.5096435546875,32_128_512_2048,5_10_20_40,0.1124874060910543,0.2739148002716131,0.954752562708325,0.8314442047410541,0.8710703597007601,0.7953890296019052,0.7781717225551121,0.5526438385953933,0.8280893885773317,0.9118156529804852,30,1.0,1.2,2.933333333333333,23.6,48.23333333333333,97.33333333333331,0.6394449534355297,0.6820704314554861,0.7123941508143059,0.7194978469318837,0.7592449408932979,0.7843340676953281,0.7794130031602677,0.813379727346057,0.7907876006929851,0.7929195749811168
dinov3,D_32_128_512_2048_K_5_5_5_5,5.285081386566162,0.6490640044212341,324.8743896484375,32_128_512_2048,5_5_5_5,0.0835814017161724,0.2979817708664859,0.885438317987654,0.6879181654751301,0.905370092044403,0.7050339951912246,0.7553773432640027,0.408203249339148,0.7113020236885453,0.9118156529804852,30,1.0333333333333334,1.3666666666666667,18.8,78.66666666666667,96.73333333333332,100.0,0.5918799490984721,0.637727267609934,0.6461570399970776,0.667779944944278,0.6728891690487492,0.6849098035198886,0.6874956525522798,0.6813429194050052,0.6790838601224415,0.6787399216996437
dinov3,D_64_256_1024_4096_K_10_10_10_10,9.840874671936035,0.6567423939704895,678.972412109375,64_256_1024_4096,10_10_10_10,0.0741698378696341,0.2898812925466525,0.9053518898288409,0.7622626532846027,0.906958379204702,0.7952055784086416,0.7899129506431515,0.5525573414666859,0.7301865829239749,0.9118156529804852,30,1.0,3.033333333333333,18.73333333333333,58.46666666666667,93.66666666666669,100.0,0.5979493106210846,0.6437917787619917,0.6614433416967852,0.686646316452321,0.6892320766593784,0.698678954583443,0.6987880310297444,0.70930356511925,0.7018489761509578,0.6993384697472512
dinov3,D_64_256_1024_4096_K_10_20_40_80,82.2351303100586,0.7531695365905762,2321.519775390625,64_256_1024_4096,10_20_40_80,0.0971895195747713,0.2490616699181383,0.9866100980175864,0.8691117990712326,0.8809598143802487,0.797793663818812,0.8528634850941913,0.5899841557539763,0.8549657861275298,0.9118156529804852,30,1.0,1.4444444444444444,3.0,17.555555555555557,56.11111111111112,100.0,0.5688519368192443,0.6042427243354822,0.6514501746010788,0.7031813993946225,0.7290125046311521,0.7581205905415119,0.7762653731409517,0.7946907338629691,0.801488304036527,0.8075148506221698
dinov3,D_64_256_1024_4096_K_20_20_20_20,20.19915771484375,0.6747048497200012,1084.6922607421875,64_256_1024_4096,20_20_20_20,0.0835383085277922,0.2745945635578423,0.9774074061711632,0.8101967481672762,0.9138283892666555,0.7936032557968699,0.8733179997560008,0.5599872957854436,0.8001917900392714,0.9118156529804852,30,1.0,1.2333333333333334,14.0,43.46666666666667,78.2,100.0,0.6075167971488217,0.6501437098174885,0.6690809155276191,0.6830943707306272,0.7158484051021812,0.7366249297847188,0.7463427757518009,0.7586054286401545,0.7631517490183182,0.7531619521798439
dinov3,D_64_256_1024_4096_K_20_40_80_160,166.11595153808594,0.8021821975708008,2717.156982421875,64_256_1024_4096,20_40_80_160,0.0794121257049815,0.2402840361231646,0.9061801663372252,0.7966094047129154,0.8497086490323753,0.7570077627282324,0.7006942010969535,0.4596797417363609,0.8710488110919451,0.9118156529804852,30,1.0,1.2,3.1,16.133333333333333,46.66666666666666,97.66666666666669,0.6251064203629043,0.6937417351738787,0.6941094214467115,0.7246527870309403,0.7722330554124518,0.7925768527578804,0.807312210152633,0.8334098371340056,0.827292220139176,0.831241646759899
dinov3,D_64_256_1024_4096_K_30_30_30_30,30.45013236999512,0.6854430437088013,1310.6485595703125,64_256_1024_4096,30_30_30_30,0.0861967613680349,0.2696958311579848,0.962471274667316,0.8174116474754282,0.874688508676619,0.7861122823645013,0.7760378185465386,0.550070202173134,0.8251588947275091,0.9118156529804852,30,1.0,1.3,4.5,32.36666666666667,67.76666666666667,96.7,0.6281431003003548,0.6708433453988883,0.707261656670455,0.7139747142842727,0.7377523565383685,0.7486188792501363,0.7709371431386667,0.7652715940559013,0.7856157247324369,0.787095021421989
dinov3,D_64_256_1024_4096_K_30_60_120_240,249.4818420410156,0.8352069854736328,2860.913818359375,64_256_1024_4096,30_60_120_240,0.0728395039230085,0.237375509707433,0.9520338253180188,0.8110045422861972,0.8669066006429235,0.7711969382902889,0.7792753516872282,0.5285182799463423,0.8763892392336238,0.9118156529804852,30,1.0,1.2333333333333334,2.3,15.2,45.7,94.5,0.6148234829497041,0.6859623014882553,0.7182486955768621,0.7604901551889426,0.7909061357920468,0.8171700524751082,0.8282012455330844,0.8372149705873404,0.8456305972204926,0.8490241405846911
dinov3,D_64_256_1024_4096_K_5_10_20_40,41.64616012573242,0.7140050530433655,1800.04736328125,64_256_1024_4096,5_10_20_40,0.0975182358736459,0.256735058626557,0.9977777779102326,0.8877436637315487,0.8870403382304046,0.8148420564426107,0.8542038877483238,0.633231658951692,0.8468994638149518,0.9118156529804852,30,1.0,1.2,4.833333333333333,28.933333333333334,45.8,100.0,0.6326674789293745,0.6769384372707431,0.7138988047457069,0.749465121646719,0.7546084193943252,0.7924811555924374,0.8008794428397698,0.7836808942536482,0.8030539333554673,0.8066700321585504
dinov3,D_64_256_1024_4096_K_5_5_5_5,5.496540069580078,0.6547845005989075,530.6966552734375,64_256_1024_4096,5_5_5_5,0.0838263144177761,0.3065958624895387,0.9634061316649118,0.7434704649647077,0.9049904527215554,0.7691103190875929,0.836605660384554,0.498156986820763,0.722186663933022,0.9118156529804852,30,1.0,2.2,32.233333333333334,71.66666666666667,100.0,100.0,0.5514971159672494,0.5791930447063526,0.5945908420565407,0.638312517961293,0.6545439670434658,0.678234930133932,0.6801896201931951,0.6829099395358099,0.685368732825328,0.6833319465038266
