timestamp,base_model,sae_config,split,feature_idx,combined_score,combined_rank,monosem_rank,unified_50,coeff_rank,avg_coeff_rank,max_abs_coef,task_of_max_coef,n_tasks_used
2026-02-13T18:14:33.613823,dinov3,D_128_512_2048_8192_K_5_10_20_40,valid,215,1.0,40.0,41,0.1683035551109662,39.0,29.0,4.6044035,organs_thoracic_sternum,6.0
2026-02-13T18:14:33.613823,dinov3,D_128_512_2048_8192_K_5_10_20_40,valid,17,1.0,40.0,74,0.1272479893079404,6.0,10.0,8.364725,organs_head_and_neck_brain,1.0
2026-02-13T18:14:33.613823,dinov3,D_128_512_2048_8192_K_5_10_20_40,valid,1063,0.689655172413793,58.0,42,0.1676849099870162,74.0,35.8,3.8749144,manufacturer_philips,15.0
2026-02-13T18:14:33.613823,dinov3,D_128_512_2048_8192_K_5_10_20_40,valid,14,0.6451612903225806,62.0,94,0.112528903023774,30.0,25.945945945945947,6.4569244,organs_abdominal_spleen,37.0
2026-02-13T18:14:33.613823,dinov3,D_128_512_2048_8192_K_5_10_20_40,valid,259,0.64,62.5,2,0.4392623099098327,123.0,46.142857142857146,2.7057335,organs_abdominal_spleen,21.0
2026-02-13T18:14:33.613823,dinov3,D_128_512_2048_8192_K_5_10_20_40,valid,443,0.5797101449275363,69.0,114,0.1007905694637178,24.0,22.97058823529412,7.5025277,organs_abdominal_spleen,34.0
2026-02-13T18:14:33.613823,dinov3,D_128_512_2048_8192_K_5_10_20_40,valid,853,0.5714285714285714,70.0,58,0.1459421070752488,82.0,37.142857142857146,6.551123,organs_abdominal_spleen,14.0
2026-02-13T18:14:33.613823,dinov3,D_128_512_2048_8192_K_5_10_20_40,valid,3293,0.5633802816901409,71.0,111,0.1016456740863287,31.0,26.0,1.1418123,sex_f,2.0
2026-02-13T18:14:33.613823,dinov3,D_128_512_2048_8192_K_5_10_20_40,valid,1317,0.5442176870748299,73.5,67,0.1336936943651965,80.0,36.61538461538461,6.6137967,organs_thoracic_sternum,26.0
2026-02-13T18:14:33.613823,dinov3,D_128_512_2048_8192_K_5_10_20_40,valid,1125,0.5442176870748299,73.5,99,0.1107052582402088,48.0,31.0,9.028088,scanner_model_Skyra,8.0
2026-02-13T18:14:33.613823,dinov3,D_128_512_2048_8192_K_5_10_20_40,valid,1509,0.5161290322580645,77.5,56,0.1485532600172785,99.0,40.7,2.8321917,slice_orientation_z,10.0
2026-02-13T18:14:33.613823,dinov3,D_128_512_2048_8192_K_5_10_20_40,valid,907,0.5095541401273885,78.5,10,0.2799455828534933,147.0,51.958333333333336,6.0347605,organs_abdominal_spleen,24.0
2026-02-13T18:14:33.613823,dinov3,D_128_512_2048_8192_K_5_10_20_40,valid,167,0.5063291139240506,79.0,87,0.1164779433600073,71.0,35.63636363636363,5.489334,organs_thoracic_sternum,33.0
2026-02-13T18:14:33.613823,dinov3,D_128_512_2048_8192_K_5_10_20_40,valid,1544,0.5,80.0,65,0.139258057630302,95.0,40.333333333333336,6.6158223,scanner_model_Skyra,33.0
2026-02-13T18:14:33.613823,dinov3,D_128_512_2048_8192_K_5_10_20_40,valid,441,0.4968944099378881,80.5,4,0.3752501601463439,157.0,53.19230769230769,3.465763,organs_thoracic_sternum,26.0
2026-02-13T18:14:33.613823,dinov3,D_128_512_2048_8192_K_5_10_20_40,valid,425,0.4938271604938271,81.0,126,0.0950610392034566,36.0,27.942857142857143,8.776953,scanner_model_Skyra,35.0
2026-02-13T18:14:33.613823,dinov3,D_128_512_2048_8192_K_5_10_20_40,valid,1273,0.4651162790697674,86.0,34,0.1981280957693937,138.0,50.5,2.8668659,organs_thoracic_sternum,14.0
2026-02-13T18:14:33.613823,dinov3,D_128_512_2048_8192_K_5_10_20_40,valid,303,0.4469273743016759,89.5,53,0.1551998367052512,126.0,47.35,8.501902,organs_thoracic_sternum,20.0
2026-02-13T18:14:33.613823,dinov3,D_128_512_2048_8192_K_5_10_20_40,valid,390,0.4166666666666666,96.0,155,0.0820129264777446,37.0,28.33333333333333,10.042092,organs_thoracic_sternum,33.0
2026-02-13T18:14:33.613823,dinov3,D_128_512_2048_8192_K_5_10_20_40,valid,1120,0.3902439024390243,102.5,197,0.0693101235890428,8.0,11.0,2.2084472,sex_f,2.0
2026-02-13T18:14:33.613823,dinov3,D_128_512_2048_8192_K_5_10_20_40,valid,679,0.380952380952381,105.0,145,0.0861464752182801,65.0,34.5,8.869628,organs_abdominal_spleen,38.0
2026-02-13T18:14:33.613823,dinov3,D_128_512_2048_8192_K_5_10_20_40,valid,594,0.3738317757009345,107.0,188,0.0723877172287696,26.0,24.0,4.840847,organs_head_and_neck_brain,1.0
2026-02-13T18:14:33.613823,dinov3,D_128_512_2048_8192_K_5_10_20_40,valid,180,0.365296803652968,109.5,57,0.1485225523645033,162.0,54.25,4.9433928,organs_abdominal_spleen,20.0
2026-02-13T18:14:33.613823,dinov3,D_128_512_2048_8192_K_5_10_20_40,valid,3195,0.3619909502262443,110.5,40,0.1703509974657516,181.0,57.81818181818182,4.668542,kvp_80.0,11.0
2026-02-13T18:14:33.613823,dinov3,D_128_512_2048_8192_K_5_10_20_40,valid,1202,0.3524229074889868,113.5,76,0.1247973291702286,151.0,52.42857142857143,2.1587105,organs_abdominal_spleen,7.0
2026-02-13T18:14:33.613823,dinov3,D_128_512_2048_8192_K_5_10_20_40,valid,1177,0.3524229074889868,113.5,3,0.4181618504670162,224.0,66.19047619047619,3.1369147,organs_abdominal_spleen,21.0
2026-02-13T18:14:33.613823,dinov3,D_128_512_2048_8192_K_5_10_20_40,valid,1481,0.3493449781659388,114.5,52,0.1563264157139403,177.0,56.81818181818182,3.0679462,organs_thoracic_sternum,11.0
2026-02-13T18:14:33.613823,dinov3,D_128_512_2048_8192_K_5_10_20_40,valid,10,0.3433476394849785,116.5,66,0.1342708218845873,167.0,54.84,6.120387,organs_thoracic_sternum,25.0
2026-02-13T18:14:33.613823,dinov3,D_128_512_2048_8192_K_5_10_20_40,valid,138,0.3375527426160337,118.5,19,0.2366754830600835,218.0,64.0,2.3291128,manufacturer_philips,3.0
2026-02-13T18:14:33.613823,dinov3,D_128_512_2048_8192_K_5_10_20_40,valid,227,0.3292181069958848,121.5,165,0.0792083845115162,78.0,36.3,4.8458586,organs_abdominal_spleen,30.0
2026-02-13T18:14:33.613823,dinov3,D_128_512_2048_8192_K_5_10_20_40,valid,478,0.3212851405622489,124.5,174,0.076172870725321,75.0,35.8125,9.647407,scanner_model_Skyra,16.0
2026-02-13T18:14:33.613823,dinov3,D_128_512_2048_8192_K_5_10_20_40,valid,25,0.32,125.0,63,0.140304092391498,187.0,59.0,1.3089191,age_group_<40,4.0
2026-02-13T18:14:33.613823,dinov3,D_128_512_2048_8192_K_5_10_20_40,valid,309,0.3187250996015936,125.5,147,0.0853570654117461,104.0,42.66666666666666,2.8762248,kvp_80.0,3.0
2026-02-13T18:14:33.613823,dinov3,D_128_512_2048_8192_K_5_10_20_40,valid,200,0.3162055335968379,126.5,184,0.0727619251116715,69.0,35.42857142857143,2.3064756,kvp_80.0,7.0
2026-02-13T18:14:33.613823,dinov3,D_128_512_2048_8192_K_5_10_20_40,valid,1569,0.3137254901960784,127.5,140,0.090070442876715,115.0,44.96875,21.497885,scanner_model_Skyra,32.0
2026-02-13T18:14:33.613823,dinov3,D_128_512_2048_8192_K_5_10_20_40,valid,1188,0.3076923076923077,130.0,175,0.0758029668153735,85.0,38.0,4.18447,organs_head_and_neck_brain,1.0
2026-02-13T18:14:33.613823,dinov3,D_128_512_2048_8192_K_5_10_20_40,valid,7433,0.3041825095057034,131.5,46,0.1634789590779019,217.0,64.0,0.44148183,sex_f,2.0
2026-02-13T18:14:33.613823,dinov3,D_128_512_2048_8192_K_5_10_20_40,valid,146,0.291970802919708,137.0,212,0.0656296859233426,62.0,34.0,4.357218,organs_head_and_neck_brain,1.0
2026-02-13T18:14:33.613823,dinov3,D_128_512_2048_8192_K_5_10_20_40,valid,6253,0.2836879432624113,141.0,38,0.1755419177040648,244.0,68.63157894736842,2.7832026,organs_thoracic_sternum,19.0
2026-02-13T18:14:33.613823,dinov3,D_128_512_2048_8192_K_5_10_20_40,valid,6098,0.2826855123674911,141.5,8,0.2862536538851344,275.0,77.0,1.93247,organs_abdominal_spleen,5.0
2026-02-13T18:14:33.613823,dinov3,D_128_512_2048_8192_K_5_10_20_40,valid,36,0.2816901408450704,142.0,275,0.0551218640680863,9.0,14.72222222222222,24.330515,scanner_model_Skyra,36.0
2026-02-13T18:14:33.613823,dinov3,D_128_512_2048_8192_K_5_10_20_40,valid,1285,0.2787456445993031,143.5,48,0.1601422249901565,239.0,68.0,1.5170122,institute_F,10.0
2026-02-13T18:14:33.613823,dinov3,D_128_512_2048_8192_K_5_10_20_40,valid,28,0.274914089347079,145.5,191,0.071516207790938,100.0,41.03846153846154,18.293335,organs_head_and_neck_brain,26.0
2026-02-13T18:14:33.613823,dinov3,D_128_512_2048_8192_K_5_10_20_40,valid,1897,0.273972602739726,146.0,16,0.2526379212618925,276.0,77.36363636363636,2.3137975,organs_thoracic_sternum,22.0
2026-02-13T18:14:33.613823,dinov3,D_128_512_2048_8192_K_5_10_20_40,valid,77,0.2721088435374149,147.0,187,0.072403753380284,107.0,43.66666666666666,3.6866093,organs_thoracic_sternum,6.0
2026-02-13T18:14:33.613823,dinov3,D_128_512_2048_8192_K_5_10_20_40,valid,1217,0.2721088435374149,147.0,279,0.0549454234374706,15.0,17.0,1.8431326,pathology_tumor,3.0
2026-02-13T18:14:33.613823,dinov3,D_128_512_2048_8192_K_5_10_20_40,valid,365,0.2702702702702703,148.0,153,0.0828220039018489,143.0,51.294117647058826,12.842938,organs_head_and_neck_brain,17.0
2026-02-13T18:14:33.613823,dinov3,D_128_512_2048_8192_K_5_10_20_40,valid,973,0.2666666666666666,150.0,7,0.3087826976505422,293.0,80.0,1.8647143,organs_abdominal_spleen,5.0
2026-02-13T18:14:33.613823,dinov3,D_128_512_2048_8192_K_5_10_20_40,valid,383,0.261437908496732,153.0,254,0.0585035068000375,52.0,32.125,3.4083874,organs_abdominal_spleen,8.0
2026-02-13T18:14:33.613823,dinov3,D_128_512_2048_8192_K_5_10_20_40,valid,1516,0.261437908496732,153.0,123,0.0962725017453774,183.0,58.23809523809524,2.7080116,modality_ct,21.0
2026-02-13T18:14:33.613823,dinov3,D_128_512_2048_8192_K_5_10_20_40,valid,61,0.255591054313099,156.5,266,0.0563948526669031,47.0,30.676470588235293,5.4043145,organs_abdominal_spleen,34.0
2026-02-13T18:14:33.613823,dinov3,D_128_512_2048_8192_K_5_10_20_40,valid,3507,0.25,160.0,193,0.0707441450083976,127.0,47.5625,3.2607937,manufacturer_philips,16.0
2026-02-13T18:14:33.613823,dinov3,D_128_512_2048_8192_K_5_10_20_40,valid,115,0.2453987730061349,163.0,240,0.060425836953665,86.0,38.13513513513514,9.6241255,scanner_model_Skyra,37.0
2026-02-13T18:14:33.613823,dinov3,D_128_512_2048_8192_K_5_10_20_40,valid,1718,0.243161094224924,164.5,64,0.1400823169884408,265.0,74.0,1.1604266,age_group_<40,2.0
2026-02-13T18:14:33.613823,dinov3,D_128_512_2048_8192_K_5_10_20_40,valid,171,0.2424242424242424,165.0,176,0.0757809155162622,154.0,53.0,3.164583,organs_head_and_neck_brain,1.0
2026-02-13T18:14:33.613823,dinov3,D_128_512_2048_8192_K_5_10_20_40,valid,236,0.2339181286549707,171.0,37,0.1813585486801311,305.0,82.0,2.1471071,organs_thoracic_sternum,4.0
2026-02-13T18:14:33.613823,dinov3,D_128_512_2048_8192_K_5_10_20_40,valid,1263,0.2325581395348837,172.0,110,0.101927250497747,234.0,67.8125,4.0653467,scanner_model_Skyra,16.0
2026-02-13T18:14:33.613823,dinov3,D_128_512_2048_8192_K_5_10_20_40,valid,689,0.2318840579710145,172.5,273,0.0556452676755037,72.0,35.65217391304348,12.317469,modality_ct,23.0
2026-02-13T18:14:33.613823,dinov3,D_128_512_2048_8192_K_5_10_20_40,valid,101,0.2318840579710145,172.5,181,0.0737768778834791,164.0,54.375,3.4370415,organs_thoracic_sternum,16.0
2026-02-13T18:14:33.613823,dinov3,D_128_512_2048_8192_K_5_10_20_40,valid,6931,0.2285714285714285,175.0,55,0.1487526687380417,295.0,80.0,1.2534329,kvp_80.0,2.0
2026-02-13T18:14:33.613823,dinov3,D_128_512_2048_8192_K_5_10_20_40,valid,80,0.2266288951841359,176.5,283,0.0541546648570642,70.0,35.42857142857143,5.552808,organs_thoracic_sternum,14.0
2026-02-13T18:14:33.613823,dinov3,D_128_512_2048_8192_K_5_10_20_40,valid,1259,0.2209944751381215,181.0,5,0.3671456956784751,357.0,97.0,0.25150305,sex_f,2.0
2026-02-13T18:14:33.613823,dinov3,D_128_512_2048_8192_K_5_10_20_40,valid,642,0.2203856749311294,181.5,101,0.1096133795607649,262.0,73.04166666666667,3.266438,organs_abdominal_spleen,24.0
2026-02-13T18:14:33.613823,dinov3,D_128_512_2048_8192_K_5_10_20_40,valid,198,0.2185792349726776,183.0,32,0.2067119286222272,334.0,87.66666666666667,1.8047872,organs_thoracic_sternum,6.0
2026-02-13T18:14:33.613823,dinov3,D_128_512_2048_8192_K_5_10_20_40,valid,461,0.217983651226158,183.5,183,0.0728987601180526,184.0,58.25,3.4155524,age_group_<40,8.0
2026-02-13T18:14:33.613823,dinov3,D_128_512_2048_8192_K_5_10_20_40,valid,1563,0.2168021680216802,184.5,60,0.145358711694218,309.0,83.0,2.1236172,organs_thoracic_sternum,4.0
2026-02-13T18:14:33.613823,dinov3,D_128_512_2048_8192_K_5_10_20_40,valid,1064,0.2122015915119363,188.5,375,0.0402676255651024,2.0,6.375,30.679022,scanner_model_Skyra,8.0
2026-02-13T18:14:33.613823,dinov3,D_128_512_2048_8192_K_5_10_20_40,valid,420,0.2099737532808399,190.5,144,0.086440502595665,237.0,68.0,2.125152,organs_abdominal_spleen,5.0
2026-02-13T18:14:33.613823,dinov3,D_128_512_2048_8192_K_5_10_20_40,valid,45,0.2094240837696335,191.0,327,0.0468779185341004,55.0,32.52777777777778,26.040712,scanner_model_Skyra,36.0
2026-02-13T18:14:33.613823,dinov3,D_128_512_2048_8192_K_5_10_20_40,valid,635,0.2094240837696335,191.0,251,0.0588356699187721,131.0,48.86666666666667,3.8164814,organs_thoracic_sternum,15.0
2026-02-13T18:14:33.613823,dinov3,D_128_512_2048_8192_K_5_10_20_40,valid,18,0.2061855670103092,194.0,292,0.0525467632049672,96.0,40.41666666666666,5.758367,scanner_model_Skyra,24.0
2026-02-13T18:14:33.613823,dinov3,D_128_512_2048_8192_K_5_10_20_40,valid,1854,0.2046035805626598,195.5,163,0.0799668093148369,228.0,66.6,1.6835455,age_group_<40,5.0
2026-02-13T18:14:33.613823,dinov3,D_128_512_2048_8192_K_5_10_20_40,valid,173,0.2010050251256281,199.0,125,0.0950767549863638,273.0,76.0,1.3746601,kvp_80.0,2.0
2026-02-13T18:14:33.613823,dinov3,D_128_512_2048_8192_K_5_10_20_40,valid,1278,0.198019801980198,202.0,195,0.0696814602647781,209.0,63.0,1.1690812,age_group_<40,4.0
2026-02-13T18:14:33.613823,dinov3,D_128_512_2048_8192_K_5_10_20_40,valid,1074,0.1932367149758453,207.0,73,0.1285076390114622,341.0,91.0,1.0938591,kvp_80.0,2.0
2026-02-13T18:14:33.613823,dinov3,D_128_512_2048_8192_K_5_10_20_40,valid,1649,0.1932367149758453,207.0,142,0.0886896718623325,272.0,76.0,1.3374952,institute_F,10.0
2026-02-13T18:14:33.613823,dinov3,D_128_512_2048_8192_K_5_10_20_40,valid,371,0.1913875598086124,209.0,249,0.0589836709921865,169.0,55.0,0.5588739,sex_f,2.0
2026-02-13T18:14:33.613823,dinov3,D_128_512_2048_8192_K_5_10_20_40,valid,503,0.1900237529691211,210.5,262,0.0570338109232345,159.0,53.75862068965517,4.734328,scanner_model_Skyra,29.0
2026-02-13T18:14:33.613823,dinov3,D_128_512_2048_8192_K_5_10_20_40,valid,46,0.188235294117647,212.5,148,0.084706939542256,277.0,77.5,2.5773592,modality_ct,4.0
2026-02-13T18:14:33.613823,dinov3,D_128_512_2048_8192_K_5_10_20_40,valid,6969,0.1877934272300469,213.0,287,0.0535040147334703,139.0,51.0,1.7935104,age_group_<40,4.0
2026-02-13T18:14:33.613823,dinov3,D_128_512_2048_8192_K_5_10_20_40,valid,1183,0.1860465116279069,215.0,269,0.0559598483209761,161.0,54.0,3.0402985,modality_ct,2.0
2026-02-13T18:14:33.613823,dinov3,D_128_512_2048_8192_K_5_10_20_40,valid,493,0.1851851851851851,216.0,366,0.041207238359343,66.0,34.714285714285715,6.2572803,kvp_80.0,14.0
2026-02-13T18:14:33.613823,dinov3,D_128_512_2048_8192_K_5_10_20_40,valid,718,0.183066361556064,218.5,380,0.0396041357171187,57.0,33.0,2.4130201,kvp_80.0,2.0
2026-02-13T18:14:33.613823,dinov3,D_128_512_2048_8192_K_5_10_20_40,valid,4735,0.183066361556064,218.5,118,0.0978596885669231,319.0,86.0,1.9706469,organs_thoracic_sternum,4.0
2026-02-13T18:14:33.613823,dinov3,D_128_512_2048_8192_K_5_10_20_40,valid,1551,0.1814058956916099,220.5,172,0.0772968608794018,269.0,75.0,1.3752782,kvp_80.0,2.0
2026-02-13T18:14:33.613823,dinov3,D_128_512_2048_8192_K_5_10_20_40,valid,981,0.1805869074492099,221.5,93,0.1127425090893114,350.0,94.0,1.874772,organs_thoracic_sternum,4.0
2026-02-13T18:14:33.613823,dinov3,D_128_512_2048_8192_K_5_10_20_40,valid,392,0.1805869074492099,221.5,403,0.0376602924658655,40.0,29.0,2.9860687,manufacturer_philips,13.0
2026-02-13T18:14:33.613823,dinov3,D_128_512_2048_8192_K_5_10_20_40,valid,634,0.179372197309417,223.0,152,0.0828904693479932,294.0,80.0,1.0695351,age_group_<40,2.0
2026-02-13T18:14:33.613823,dinov3,D_128_512_2048_8192_K_5_10_20_40,valid,1210,0.175438596491228,228.0,444,0.034511887376036,12.0,16.0,3.303168,kvp_80.0,2.0
2026-02-13T18:14:33.613823,dinov3,D_128_512_2048_8192_K_5_10_20_40,valid,358,0.175438596491228,228.0,117,0.0978790810989741,339.0,90.0,0.93400604,age_group_<40,2.0
2026-02-13T18:14:33.613823,dinov3,D_128_512_2048_8192_K_5_10_20_40,valid,444,0.1746724890829694,229.0,338,0.0450489822772495,120.0,45.64705882352941,5.796497,organs_thoracic_sternum,17.0
2026-02-13T18:14:33.613823,dinov3,D_128_512_2048_8192_K_5_10_20_40,valid,1747,0.1742919389978213,229.5,442,0.0346270352692053,17.0,18.0,3.1902702,kvp_80.0,2.0
2026-02-13T18:14:33.613823,dinov3,D_128_512_2048_8192_K_5_10_20_40,valid,404,0.1720430107526881,232.5,454,0.033812174462197,11.0,15.6,11.041993,scanner_model_Skyra,5.0
2026-02-13T18:14:33.613823,dinov3,D_128_512_2048_8192_K_5_10_20_40,valid,400,0.171306209850107,233.5,168,0.0783192195508991,299.0,81.0,2.1665156,organs_thoracic_sternum,4.0
2026-02-13T18:14:33.613823,dinov3,D_128_512_2048_8192_K_5_10_20_40,valid,3896,0.1705756929637526,234.5,104,0.1058859592888807,365.0,100.0,0.24457791,sex_f,2.0
2026-02-13T18:14:33.613823,dinov3,D_128_512_2048_8192_K_5_10_20_40,valid,135,0.1694915254237288,236.0,227,0.0636163187872766,245.0,68.66666666666667,3.1529155,organs_head_and_neck_brain,3.0
2026-02-13T18:14:33.613823,dinov3,D_128_512_2048_8192_K_5_10_20_40,valid,938,0.1680672268907563,238.0,409,0.0370980558151612,67.0,35.0,4.304599,organs_head_and_neck_brain,1.0
2026-02-13T18:14:33.613823,dinov3,D_128_512_2048_8192_K_5_10_20_40,valid,462,0.1649484536082474,242.5,244,0.0596752134932628,241.0,68.58333333333333,3.1147084,organs_thoracic_sternum,12.0
2026-02-13T18:14:33.613823,dinov3,D_128_512_2048_8192_K_5_10_20_40,valid,1322,0.1639344262295081,244.0,435,0.0352237580110838,53.0,32.22727272727273,3.8647041,organs_abdominal_spleen,22.0
2026-02-13T18:14:33.613823,dinov3,D_128_512_2048_8192_K_5_10_20_40,valid,407,0.16359918200409,244.5,479,0.0320027450040731,10.0,14.92,41.152447,scanner_model_Skyra,25.0
2026-02-13T18:14:33.613823,dinov3,D_128_512_2048_8192_K_5_10_20_40,valid,491,0.1622718052738336,246.5,376,0.0399405532841956,117.0,45.0,3.9083033,organs_head_and_neck_brain,17.0
2026-02-13T18:14:33.613823,dinov3,D_128_512_2048_8192_K_5_10_20_40,valid,106,0.1616161616161616,247.5,194,0.0704323170900494,301.0,81.0909090909091,3.149297,organs_head_and_neck_brain,11.0
2026-02-13T18:14:33.613823,dinov3,D_128_512_2048_8192_K_5_10_20_40,valid,163,0.1612903225806451,248.0,351,0.0434694516468039,145.0,51.80645161290322,3.5197673,age_group_<40,31.0
2026-02-13T18:14:33.613823,dinov3,D_128_512_2048_8192_K_5_10_20_40,valid,117,0.1612903225806451,248.0,412,0.036899225425156,84.0,37.67741935483871,7.8568892,organs_head_and_neck_brain,31.0
2026-02-13T18:14:33.613823,dinov3,D_128_512_2048_8192_K_5_10_20_40,valid,408,0.1596806387225548,250.5,313,0.0492174731670076,188.0,59.0,0.5070282,sex_f,2.0
2026-02-13T18:14:33.613823,dinov3,D_128_512_2048_8192_K_5_10_20_40,valid,457,0.1581027667984189,253.0,499,0.0304155244617574,7.0,10.444444444444445,24.75553,scanner_model_Skyra,9.0
2026-02-13T18:14:33.613823,dinov3,D_128_512_2048_8192_K_5_10_20_40,valid,267,0.1571709233791748,254.5,477,0.032071027500072,32.0,26.3,6.911026,organs_thoracic_sternum,20.0
2026-02-13T18:14:33.613823,dinov3,D_128_512_2048_8192_K_5_10_20_40,valid,176,0.1565557729941291,255.5,443,0.0345429127471615,68.0,35.18181818181818,4.2165093,slice_orientation_z,33.0
2026-02-13T18:14:33.613823,dinov3,D_128_512_2048_8192_K_5_10_20_40,valid,8158,0.1565557729941291,255.5,296,0.0519240986873971,215.0,63.55555555555556,32.870583,scanner_model_Skyra,18.0
2026-02-13T18:14:33.613823,dinov3,D_128_512_2048_8192_K_5_10_20_40,valid,123,0.1553398058252427,257.5,386,0.0388405930383662,129.0,48.65217391304348,2.8501034,organs_thoracic_sternum,23.0
2026-02-13T18:14:33.613823,dinov3,D_128_512_2048_8192_K_5_10_20_40,valid,1205,0.1550387596899224,258.0,285,0.0536989114875356,231.0,67.33333333333333,2.492208,kvp_80.0,9.0
2026-02-13T18:14:33.613823,dinov3,D_128_512_2048_8192_K_5_10_20_40,valid,5760,0.1544401544401544,259.0,207,0.067214500488246,311.0,83.0,1.9595884,manufacturer_philips,3.0
2026-02-13T18:14:33.613823,dinov3,D_128_512_2048_8192_K_5_10_20_40,valid,720,0.1541425818882466,259.5,173,0.0764898561084651,346.0,93.0,0.8714068,age_group_<40,2.0
2026-02-13T18:14:33.613823,dinov3,D_128_512_2048_8192_K_5_10_20_40,valid,1090,0.1512287334593572,264.5,347,0.0440999633204919,182.0,57.95454545454545,2.28876,organs_abdominal_spleen,22.0
2026-02-13T18:14:33.613823,dinov3,D_128_512_2048_8192_K_5_10_20_40,valid,1838,0.1495327102803738,267.5,171,0.0775665231544956,364.0,100.0,1.5746431,organs_abdominal_spleen,5.0
2026-02-13T18:14:33.613823,dinov3,D_128_512_2048_8192_K_5_10_20_40,valid,3397,0.1481481481481481,270.0,428,0.0356291754690211,112.0,44.5,6.2473965,scanner_model_Skyra,8.0
2026-02-13T18:14:33.613823,dinov3,D_128_512_2048_8192_K_5_10_20_40,valid,2,0.1478743068391866,270.5,528,0.0290113420698241,13.0,16.394736842105264,26.043741,scanner_model_Skyra,38.0
2026-02-13T18:14:33.613823,dinov3,D_128_512_2048_8192_K_5_10_20_40,valid,524,0.1465201465201465,273.0,218,0.0648849807636835,328.0,87.0,0.8157799,pathology_tumor,3.0
2026-02-13T18:14:33.613823,dinov3,D_128_512_2048_8192_K_5_10_20_40,valid,288,0.145985401459854,274.0,498,0.0304462120390001,50.0,31.4,15.921033,scanner_model_Skyra,10.0
2026-02-13T18:14:33.613823,dinov3,D_128_512_2048_8192_K_5_10_20_40,valid,1613,0.1454545454545454,275.0,337,0.0450585819472975,213.0,63.0,2.937352,organs_head_and_neck_brain,1.0
2026-02-13T18:14:33.613823,dinov3,D_128_512_2048_8192_K_5_10_20_40,valid,1562,0.144927536231884,276.0,278,0.0549827069611636,274.0,76.64285714285714,2.1158128,organs_abdominal_spleen,14.0
2026-02-13T18:14:33.613823,dinov3,D_128_512_2048_8192_K_5_10_20_40,valid,1684,0.1441441441441441,277.5,196,0.0695032670284728,359.0,98.0,0.2511827,sex_f,2.0
2026-02-13T18:14:33.613823,dinov3,D_128_512_2048_8192_K_5_10_20_40,valid,415,0.1405975395430579,284.5,317,0.0482957583548231,252.0,70.28571428571429,8.29351,scanner_model_Skyra,14.0
2026-02-13T18:14:33.613823,dinov3,D_128_512_2048_8192_K_5_10_20_40,valid,1668,0.1384083044982698,289.0,245,0.0595495078682088,333.0,87.5,4.8811235,scanner_model_Skyra,6.0
2026-02-13T18:14:33.613823,dinov3,D_128_512_2048_8192_K_5_10_20_40,valid,535,0.1384083044982698,289.0,291,0.0531279532309934,287.0,78.25,4.8307934,organs_head_and_neck_brain,4.0
2026-02-13T18:14:33.613823,dinov3,D_128_512_2048_8192_K_5_10_20_40,valid,258,0.136518771331058,293.0,542,0.0280763793733732,44.0,30.33333333333333,9.461657,scanner_model_Skyra,6.0
2026-02-13T18:14:33.613823,dinov3,D_128_512_2048_8192_K_5_10_20_40,valid,314,0.136518771331058,293.0,418,0.0361905314312429,168.0,54.85714285714285,5.2656407,organs_thoracic_sternum,28.0
2026-02-13T18:14:33.613823,dinov3,D_128_512_2048_8192_K_5_10_20_40,valid,65,0.136518771331058,293.0,473,0.0323772450590289,113.0,44.53333333333333,3.3707159,slice_orientation_z,15.0
2026-02-13T18:14:33.613823,dinov3,D_128_512_2048_8192_K_5_10_20_40,valid,1558,0.1342281879194631,298.0,310,0.0496124782992901,286.0,78.125,2.9315076,organs_thoracic_sternum,24.0
2026-02-13T18:14:33.613823,dinov3,D_128_512_2048_8192_K_5_10_20_40,valid,1547,0.134003350083752,298.5,516,0.0293606513954037,81.0,36.73913043478261,4.607146,organs_thoracic_sternum,23.0
2026-02-13T18:14:33.613823,dinov3,D_128_512_2048_8192_K_5_10_20_40,valid,69,0.1335559265442404,299.5,315,0.0487536034155347,284.0,78.0,0.36155093,sex_f,2.0
2026-02-13T18:14:33.613823,dinov3,D_128_512_2048_8192_K_5_10_20_40,valid,1025,0.1324503311258278,302.0,246,0.059403338905232,358.0,97.0,1.6139863,organs_abdominal_spleen,5.0
2026-02-13T18:14:33.613823,dinov3,D_128_512_2048_8192_K_5_10_20_40,valid,1079,0.132013201320132,303.0,356,0.0427137347572105,250.0,70.15384615384616,2.8975234,organs_abdominal_spleen,13.0
2026-02-13T18:14:33.613823,dinov3,D_128_512_2048_8192_K_5_10_20_40,valid,31,0.1311475409836065,305.0,587,0.0261659753321937,23.0,22.967741935483872,8.566649,scanner_model_Skyra,31.0
2026-02-13T18:14:33.613823,dinov3,D_128_512_2048_8192_K_5_10_20_40,valid,812,0.130718954248366,306.0,426,0.0356585242652262,186.0,58.73913043478261,4.8126698,organs_thoracic_sternum,23.0
2026-02-13T18:14:33.613823,dinov3,D_128_512_2048_8192_K_5_10_20_40,valid,253,0.130505709624796,306.5,441,0.0346318796565299,172.0,55.51851851851852,2.5443642,institute_F,27.0
2026-02-13T18:14:33.613823,dinov3,D_128_512_2048_8192_K_5_10_20_40,valid,433,0.1300813008130081,307.5,405,0.0376040605572541,210.0,63.0,6.414392,organs_head_and_neck_brain,27.0
2026-02-13T18:14:33.613823,dinov3,D_128_512_2048_8192_K_5_10_20_40,valid,143,0.1300813008130081,307.5,261,0.0570432405437329,354.0,95.0,1.0696472,kvp_80.0,2.0
2026-02-13T18:14:33.613823,dinov3,D_128_512_2048_8192_K_5_10_20_40,valid,1403,0.1298701298701298,308.0,349,0.0440044585898797,267.0,74.42857142857143,2.914783,organs_head_and_neck_brain,7.0
2026-02-13T18:14:33.613823,dinov3,D_128_512_2048_8192_K_5_10_20_40,valid,4007,0.1290322580645161,310.0,257,0.0582509654863239,363.0,99.0,0.78181046,age_group_<40,2.0
2026-02-13T18:14:33.613823,dinov3,D_128_512_2048_8192_K_5_10_20_40,valid,1901,0.1286173633440514,311.0,374,0.040447969011615,248.0,70.0,0.38837406,sex_f,2.0
2026-02-13T18:14:33.613823,dinov3,D_128_512_2048_8192_K_5_10_20_40,valid,355,0.1282051282051282,312.0,322,0.0472857596723974,302.0,81.0909090909091,1.8927093,manufacturer_philips,11.0
2026-02-13T18:14:33.613823,dinov3,D_128_512_2048_8192_K_5_10_20_40,valid,352,0.1275917065390749,313.5,378,0.0397195422954385,249.0,70.0,3.0148091,organs_thoracic_sternum,11.0
2026-02-13T18:14:33.613823,dinov3,D_128_512_2048_8192_K_5_10_20_40,valid,1162,0.1269841269841269,315.0,520,0.0292284801827271,110.0,44.18181818181818,3.4073327,organs_thoracic_sternum,11.0
2026-02-13T18:14:33.613823,dinov3,D_128_512_2048_8192_K_5_10_20_40,valid,963,0.125,320.0,467,0.0327077620803102,173.0,55.75,3.7376757,organs_head_and_neck_brain,8.0
2026-02-13T18:14:33.613823,dinov3,D_128_512_2048_8192_K_5_10_20_40,valid,104,0.124223602484472,322.0,452,0.034096011555361,192.0,60.30434782608695,4.16361,scanner_model_Skyra,23.0
2026-02-13T18:14:33.613823,dinov3,D_128_512_2048_8192_K_5_10_20_40,valid,57,0.1240310077519379,322.5,305,0.0503481955159776,340.0,90.0,2.258848,organs_head_and_neck_brain,1.0
2026-02-13T18:14:33.613823,dinov3,D_128_512_2048_8192_K_5_10_20_40,valid,119,0.12326656394453,324.5,593,0.0255145573482398,56.0,32.583333333333336,11.535473,organs_thoracic_sternum,36.0
2026-02-13T18:14:33.613823,dinov3,D_128_512_2048_8192_K_5_10_20_40,valid,875,0.1228878648233487,325.5,345,0.0443162682071935,306.0,82.0,1.0370432,age_group_<40,2.0
2026-02-13T18:14:33.613823,dinov3,D_128_512_2048_8192_K_5_10_20_40,valid,1746,0.1226993865030674,326.0,384,0.0390586847398862,268.0,74.76923076923077,4.385095,organs_head_and_neck_brain,13.0
2026-02-13T18:14:33.613823,dinov3,D_128_512_2048_8192_K_5_10_20_40,valid,1700,0.1212121212121212,330.0,342,0.0447932173778333,318.0,85.77777777777777,1.3619345,slice_orientation_z,9.0
2026-02-13T18:14:33.613823,dinov3,D_128_512_2048_8192_K_5_10_20_40,valid,1934,0.1210287443267776,330.5,602,0.025268212180813,59.0,33.13333333333333,4.081262,sex_f,15.0
2026-02-13T18:14:33.613823,dinov3,D_128_512_2048_8192_K_5_10_20_40,valid,251,0.1206636500754147,331.5,457,0.0333899492341757,206.0,62.66666666666666,4.700761,organs_head_and_neck_brain,3.0
2026-02-13T18:14:33.613823,dinov3,D_128_512_2048_8192_K_5_10_20_40,valid,274,0.1204819277108433,332.0,618,0.0243050139568124,46.0,30.6,4.1108327,manufacturer_philips,5.0
2026-02-13T18:14:33.613823,dinov3,D_128_512_2048_8192_K_5_10_20_40,valid,1239,0.1194029850746268,335.0,372,0.0406225854385714,298.0,81.0,0.3544878,sex_f,2.0
2026-02-13T18:14:33.613823,dinov3,D_128_512_2048_8192_K_5_10_20_40,valid,2024,0.119047619047619,336.0,360,0.0418845822983464,312.0,83.5,1.2789148,institute_F,12.0
2026-02-13T18:14:33.613823,dinov3,D_128_512_2048_8192_K_5_10_20_40,valid,111,0.1186943620178041,337.0,466,0.0327306478311702,208.0,62.92857142857143,2.9272673,manufacturer_philips,14.0
2026-02-13T18:14:33.613823,dinov3,D_128_512_2048_8192_K_5_10_20_40,valid,481,0.1185185185185185,337.5,557,0.0274704137071407,118.0,45.142857142857146,2.5649793,slice_orientation_z,21.0
2026-02-13T18:14:33.613823,dinov3,D_128_512_2048_8192_K_5_10_20_40,valid,263,0.1174743024963289,340.5,333,0.0454998536999334,348.0,93.0,2.0562494,organs_head_and_neck_brain,4.0
2026-02-13T18:14:33.613823,dinov3,D_128_512_2048_8192_K_5_10_20_40,valid,1774,0.1154401154401154,346.5,558,0.0274460625254857,135.0,49.75,5.530325,organs_head_and_neck_brain,4.0
2026-02-13T18:14:33.613823,dinov3,D_128_512_2048_8192_K_5_10_20_40,valid,7448,0.1154401154401154,346.5,373,0.0405959259037914,320.0,86.0,2.3885663,organs_head_and_neck_brain,1.0
2026-02-13T18:14:33.613823,dinov3,D_128_512_2048_8192_K_5_10_20_40,valid,346,0.1139601139601139,351.0,638,0.0232081036492884,64.0,34.11764705882353,3.5518153,modality_ct,17.0
2026-02-13T18:14:33.613823,dinov3,D_128_512_2048_8192_K_5_10_20_40,valid,816,0.1133144475920679,353.0,392,0.0385443840077767,314.0,85.0,1.0040601,age_group_<40,2.0
2026-02-13T18:14:33.613823,dinov3,D_128_512_2048_8192_K_5_10_20_40,valid,575,0.1129943502824858,354.0,504,0.0301915672668562,204.0,62.294117647058826,3.4640403,organs_thoracic_sternum,17.0
2026-02-13T18:14:33.613823,dinov3,D_128_512_2048_8192_K_5_10_20_40,valid,126,0.1125175808720112,355.5,511,0.029759825905765,200.0,61.85714285714285,5.211466,scanner_model_Skyra,35.0
2026-02-13T18:14:33.613823,dinov3,D_128_512_2048_8192_K_5_10_20_40,valid,494,0.1125175808720112,355.5,453,0.0338260263331712,258.0,72.8,4.3578715,organs_head_and_neck_brain,15.0
2026-02-13T18:14:33.613823,dinov3,D_128_512_2048_8192_K_5_10_20_40,valid,63,0.1123595505617977,356.0,649,0.0223893206203164,63.0,34.0,4.233073,modality_ct,2.0
2026-02-13T18:14:33.613823,dinov3,D_128_512_2048_8192_K_5_10_20_40,valid,100,0.1115760111576011,358.5,561,0.0271417853226125,156.0,53.18181818181818,8.768187,organs_head_and_neck_brain,11.0
2026-02-13T18:14:33.613823,dinov3,D_128_512_2048_8192_K_5_10_20_40,valid,2921,0.1115760111576011,358.5,481,0.0319763769795099,236.0,68.0,5.5391345,scanner_model_Skyra,3.0
2026-02-13T18:14:33.613823,dinov3,D_128_512_2048_8192_K_5_10_20_40,valid,91,0.1111111111111111,360.0,586,0.0261863426567001,134.0,49.388888888888886,3.9830601,organs_thoracic_sternum,18.0
2026-02-13T18:14:33.613823,dinov3,D_128_512_2048_8192_K_5_10_20_40,valid,42,0.1103448275862068,362.5,682,0.0212136590754635,43.0,29.575,8.276847,slice_orientation_z,40.0
2026-02-13T18:14:33.613823,dinov3,D_128_512_2048_8192_K_5_10_20_40,valid,103,0.1085481682496607,368.5,615,0.0244806098949938,122.0,46.09090909090909,4.5027246,slice_orientation_z,33.0
2026-02-13T18:14:33.613823,dinov3,D_128_512_2048_8192_K_5_10_20_40,valid,1463,0.1081081081081081,370.0,489,0.0310669945127764,251.0,70.2,2.4718437,organs_thoracic_sternum,5.0
2026-02-13T18:14:33.613823,dinov3,D_128_512_2048_8192_K_5_10_20_40,valid,1709,0.1079622132253711,370.5,567,0.0268963046594452,174.0,56.0,1.7918631,kvp_80.0,2.0
2026-02-13T18:14:33.613823,dinov3,D_128_512_2048_8192_K_5_10_20_40,valid,469,0.1078167115902965,371.0,571,0.0266811244521281,171.0,55.0,3.1502523,organs_head_and_neck_brain,1.0
2026-02-13T18:14:33.613823,dinov3,D_128_512_2048_8192_K_5_10_20_40,valid,201,0.107671601615074,371.5,401,0.0376953759494221,342.0,91.0,1.9034158,organs_thoracic_sternum,4.0
2026-02-13T18:14:33.613823,dinov3,D_128_512_2048_8192_K_5_10_20_40,valid,1059,0.1075268817204301,372.0,574,0.0265550850247889,170.0,55.0,2.7248557,organs_thoracic_sternum,4.0
2026-02-13T18:14:33.613823,dinov3,D_128_512_2048_8192_K_5_10_20_40,valid,280,0.1073825503355704,372.5,729,0.0190660657126665,16.0,17.625,12.266548,scanner_model_Skyra,8.0
2026-02-13T18:14:33.613823,dinov3,D_128_512_2048_8192_K_5_10_20_40,valid,607,0.1070950468540829,373.5,582,0.0263442733268413,165.0,54.44444444444444,2.3301325,kvp_80.0,9.0
2026-02-13T18:14:33.613823,dinov3,D_128_512_2048_8192_K_5_10_20_40,valid,34,0.1058201058201058,378.0,753,0.0181987455616772,3.0,8.107142857142858,11.417198,slice_orientation_z,28.0
2026-02-13T18:14:33.613823,dinov3,D_128_512_2048_8192_K_5_10_20_40,valid,67,0.1051248357424441,380.5,399,0.0378302027601181,362.0,99.0,1.0397687,kvp_80.0,2.0
2026-02-13T18:14:33.613823,dinov3,D_128_512_2048_8192_K_5_10_20_40,valid,82,0.1034928848641656,386.5,745,0.0183936120919948,28.0,25.0,3.5864227,manufacturer_philips,3.0
2026-02-13T18:14:33.613823,dinov3,D_128_512_2048_8192_K_5_10_20_40,valid,278,0.1023017902813299,391.0,703,0.0201566783204829,79.0,36.333333333333336,4.3290753,pathology_tumor,9.0
2026-02-13T18:14:33.613823,dinov3,D_128_512_2048_8192_K_5_10_20_40,valid,520,0.1013941698352344,394.5,591,0.0257913891235558,198.0,61.72727272727273,2.388441,age_group_<40,11.0
2026-02-13T18:14:33.613823,dinov3,D_128_512_2048_8192_K_5_10_20_40,valid,1291,0.1013941698352344,394.5,492,0.0306947373039052,297.0,81.0,1.4058012,slice_orientation_z,3.0
2026-02-13T18:14:33.613823,dinov3,D_128_512_2048_8192_K_5_10_20_40,valid,199,0.1008827238335435,396.5,502,0.0303047610925675,291.0,79.5625,2.929673,organs_head_and_neck_brain,16.0
2026-02-13T18:14:33.613823,dinov3,D_128_512_2048_8192_K_5_10_20_40,valid,466,0.0998751560549313,400.5,486,0.0313726466197404,315.0,85.0,1.9264088,manufacturer_philips,3.0
2026-02-13T18:14:33.613823,dinov3,D_128_512_2048_8192_K_5_10_20_40,valid,410,0.0988875154511742,404.5,563,0.0271095217477274,246.0,69.58333333333333,5.5051665,scanner_model_Skyra,12.0
2026-02-13T18:14:33.613823,dinov3,D_128_512_2048_8192_K_5_10_20_40,valid,631,0.0987654320987654,405.0,790,0.0173607163040501,20.0,20.0,2.7573123,institute_F,10.0
2026-02-13T18:14:33.613823,dinov3,D_128_512_2048_8192_K_5_10_20_40,valid,877,0.0980392156862745,408.0,581,0.0263724247453376,235.0,68.0,1.5268164,kvp_80.0,2.0
2026-02-13T18:14:33.613823,dinov3,D_128_512_2048_8192_K_5_10_20_40,valid,1351,0.097323600973236,411.0,562,0.0271273155879913,260.0,73.0,2.6974158,organs_head_and_neck_brain,1.0
2026-02-13T18:14:33.613823,dinov3,D_128_512_2048_8192_K_5_10_20_40,valid,1536,0.0963855421686747,415.0,483,0.031619893473399,347.0,93.0,1.6583694,organs_abdominal_spleen,5.0
2026-02-13T18:14:33.613823,dinov3,D_128_512_2048_8192_K_5_10_20_40,valid,467,0.0962695547533092,415.5,782,0.0175142434092508,49.0,31.0,3.3397446,manufacturer_philips,3.0
2026-02-13T18:14:33.613823,dinov3,D_128_512_2048_8192_K_5_10_20_40,valid,489,0.0958083832335329,417.5,817,0.0165734472047233,18.0,18.0,2.796302,institute_F,10.0
2026-02-13T18:14:33.613823,dinov3,D_128_512_2048_8192_K_5_10_20_40,valid,217,0.0953516090584028,419.5,601,0.0252703960635503,238.0,68.0,2.7985327,organs_head_and_neck_brain,1.0
2026-02-13T18:14:33.613823,dinov3,D_128_512_2048_8192_K_5_10_20_40,valid,585,0.0944510035419126,423.5,760,0.0180731509555886,87.0,38.4375,6.3330045,scanner_model_Skyra,32.0
2026-02-13T18:14:33.613823,dinov3,D_128_512_2048_8192_K_5_10_20_40,valid,29,0.0943396226415094,424.0,493,0.0306307608532677,355.0,95.0,1.2316499,slice_orientation_z,3.0
2026-02-13T18:14:33.613823,dinov3,D_128_512_2048_8192_K_5_10_20_40,valid,172,0.0941176470588235,425.0,648,0.0224321382638103,202.0,62.0,2.3238688,organs_abdominal_spleen,5.0
2026-02-13T18:14:33.613823,dinov3,D_128_512_2048_8192_K_5_10_20_40,valid,732,0.0937866354044548,426.5,831,0.0163046940179497,22.0,22.83333333333333,10.761871,scanner_model_Skyra,6.0
2026-02-13T18:14:33.613823,dinov3,D_128_512_2048_8192_K_5_10_20_40,valid,348,0.0937866354044548,426.5,728,0.0190693615007059,125.0,47.22857142857143,5.9809637,organs_thoracic_sternum,35.0
2026-02-13T18:14:33.613823,dinov3,D_128_512_2048_8192_K_5_10_20_40,valid,71,0.0929152148664343,430.5,836,0.0161991275899357,25.0,23.0,3.6402786,manufacturer_philips,3.0
2026-02-13T18:14:33.613823,dinov3,D_128_512_2048_8192_K_5_10_20_40,valid,168,0.0926998841251448,431.5,606,0.0250888268091396,257.0,72.58823529411765,4.3547597,scanner_model_Skyra,34.0
2026-02-13T18:14:33.613823,dinov3,D_128_512_2048_8192_K_5_10_20_40,valid,1752,0.091743119266055,436.0,851,0.0158886397565431,21.0,21.6,9.89322,scanner_model_Skyra,5.0
2026-02-13T18:14:33.613823,dinov3,D_128_512_2048_8192_K_5_10_20_40,valid,6,0.091324200913242,438.0,660,0.0219631585285559,216.0,63.69230769230769,5.823792,organs_head_and_neck_brain,13.0
2026-02-13T18:14:33.613823,dinov3,D_128_512_2048_8192_K_5_10_20_40,valid,246,0.091324200913242,438.0,653,0.0222260740178447,223.0,66.0,1.256908,age_group_<40,2.0
2026-02-13T18:14:33.613823,dinov3,D_128_512_2048_8192_K_5_10_20_40,valid,257,0.0907029478458049,441.0,604,0.0251585498309211,278.0,77.5,1.2817303,institute_F,12.0
2026-02-13T18:14:33.613823,dinov3,D_128_512_2048_8192_K_5_10_20_40,valid,659,0.090497737556561,442.0,843,0.0161090269530382,41.0,29.0,2.5335574,kvp_80.0,2.0
2026-02-13T18:14:33.613823,dinov3,D_128_512_2048_8192_K_5_10_20_40,valid,7041,0.0898876404494382,445.0,839,0.0161475898028163,51.0,32.0,12.884854,scanner_model_Skyra,5.0
2026-02-13T18:14:33.613823,dinov3,D_128_512_2048_8192_K_5_10_20_40,valid,451,0.0896860986547085,446.0,803,0.0170397355138661,89.0,39.22222222222222,10.067901,scanner_model_Skyra,27.0
2026-02-13T18:14:33.613823,dinov3,D_128_512_2048_8192_K_5_10_20_40,valid,424,0.0884955752212389,452.0,795,0.0172987832516795,109.0,44.114285714285714,8.344452,scanner_model_Skyra,35.0
2026-02-13T18:14:33.613823,dinov3,D_128_512_2048_8192_K_5_10_20_40,valid,233,0.0882028665931642,453.5,906,0.0145053024303772,1.0,3.0,6.2277036,kvp_80.0,2.0
2026-02-13T18:14:33.613823,dinov3,D_128_512_2048_8192_K_5_10_20_40,valid,1676,0.0881057268722467,454.0,654,0.0222126967634852,254.0,71.0,1.2165817,age_group_<40,4.0
2026-02-13T18:14:33.613823,dinov3,D_128_512_2048_8192_K_5_10_20_40,valid,175,0.087719298245614,456.0,680,0.0212260835469953,232.0,67.42857142857143,1.9342706,organs_thoracic_sternum,7.0
2026-02-13T18:14:33.613823,dinov3,D_128_512_2048_8192_K_5_10_20_40,valid,1216,0.0876232201533406,456.5,569,0.0267985125188718,344.0,92.0,1.8067237,modality_ct,2.0
2026-02-13T18:14:33.613823,dinov3,D_128_512_2048_8192_K_5_10_20_40,valid,1281,0.0873362445414847,458.0,721,0.0193443675352567,195.0,61.0,2.3971198,manufacturer_philips,3.0
2026-02-13T18:14:33.613823,dinov3,D_128_512_2048_8192_K_5_10_20_40,valid,373,0.0871459694989106,459.0,830,0.0163371263638266,88.0,39.2,7.8706474,scanner_model_Skyra,30.0
2026-02-13T18:14:33.613823,dinov3,D_128_512_2048_8192_K_5_10_20_40,valid,332,0.0848356309650053,471.5,752,0.0182387729563035,191.0,60.125,5.7969356,scanner_model_Skyra,8.0
2026-02-13T18:14:33.613823,dinov3,D_128_512_2048_8192_K_5_10_20_40,valid,627,0.0842992623814541,474.5,678,0.0212702060631126,271.0,75.7,2.0839524,organs_abdominal_spleen,10.0
2026-02-13T18:14:33.613823,dinov3,D_128_512_2048_8192_K_5_10_20_40,valid,273,0.0842992623814541,474.5,748,0.018342703408717,201.0,61.875,4.4643054,organs_head_and_neck_brain,8.0
2026-02-13T18:14:33.613823,dinov3,D_128_512_2048_8192_K_5_10_20_40,valid,19,0.0841219768664563,475.5,874,0.0154684733640136,77.0,36.0,1.7566129,age_group_<40,2.0
2026-02-13T18:14:33.613823,dinov3,D_128_512_2048_8192_K_5_10_20_40,valid,509,0.0840336134453781,476.0,786,0.0174658107377668,166.0,54.642857142857146,12.517558,organs_head_and_neck_brain,14.0
2026-02-13T18:14:33.613823,dinov3,D_128_512_2048_8192_K_5_10_20_40,valid,311,0.083594566353187,478.5,758,0.0180848482369111,199.0,61.833333333333336,1.8349307,institute_F,18.0
2026-02-13T18:14:33.613823,dinov3,D_128_512_2048_8192_K_5_10_20_40,valid,260,0.0832466181061394,480.5,813,0.0166120680401972,148.0,52.0,0.6047401,sex_f,2.0
2026-02-13T18:14:33.613823,dinov3,D_128_512_2048_8192_K_5_10_20_40,valid,1184,0.0831600831600831,481.0,829,0.016359070841138,133.0,49.0,1.9392782,kvp_80.0,2.0
2026-02-13T18:14:33.613823,dinov3,D_128_512_2048_8192_K_5_10_20_40,valid,1783,0.0823045267489712,486.0,937,0.0138526828665109,35.0,27.88888888888889,8.908757,scanner_model_Skyra,18.0
2026-02-13T18:14:33.613823,dinov3,D_128_512_2048_8192_K_5_10_20_40,valid,55,0.0818833162743091,488.5,880,0.0153811832415774,97.0,40.4375,3.2854624,manufacturer_philips,16.0
2026-02-13T18:14:33.613823,dinov3,D_128_512_2048_8192_K_5_10_20_40,valid,826,0.0810536980749746,493.5,953,0.0134537986145478,34.0,27.0,4.6582212,organs_head_and_neck_brain,1.0
2026-02-13T18:14:33.613823,dinov3,D_128_512_2048_8192_K_5_10_20_40,valid,102,0.0807265388496468,495.5,770,0.0177443102100865,221.0,65.36,4.5829954,age_group_<40,25.0
2026-02-13T18:14:33.613823,dinov3,D_128_512_2048_8192_K_5_10_20_40,valid,1921,0.0804828973843058,497.0,731,0.0190257668340072,263.0,73.8,2.1014247,manufacturer_philips,5.0
2026-02-13T18:14:33.613823,dinov3,D_128_512_2048_8192_K_5_10_20_40,valid,224,0.0799200799200799,500.5,635,0.0234855229220234,366.0,100.0,1.7042252,manufacturer_philips,3.0
2026-02-13T18:14:33.613823,dinov3,D_128_512_2048_8192_K_5_10_20_40,valid,1008,0.0795228628230616,503.0,828,0.0163902463995708,178.0,57.0,3.1365776,organs_head_and_neck_brain,1.0
2026-02-13T18:14:33.613823,dinov3,D_128_512_2048_8192_K_5_10_20_40,valid,1740,0.0793650793650793,504.0,712,0.0199561219858306,296.0,80.0,1.9907407,manufacturer_philips,3.0
2026-02-13T18:14:33.613823,dinov3,D_128_512_2048_8192_K_5_10_20_40,valid,136,0.0792079207920792,505.0,894,0.0147659337963512,116.0,45.0,2.002577,kvp_80.0,2.0
2026-02-13T18:14:33.613823,dinov3,D_128_512_2048_8192_K_5_10_20_40,valid,1267,0.0788954635108481,507.0,750,0.0183131053105398,264.0,73.8,2.5641775,slice_orientation_z,15.0
2026-02-13T18:14:33.613823,dinov3,D_128_512_2048_8192_K_5_10_20_40,valid,1068,0.0788177339901477,507.5,804,0.0169995846502542,211.0,63.0,5.7895203,scanner_model_Skyra,3.0
2026-02-13T18:14:33.613823,dinov3,D_128_512_2048_8192_K_5_10_20_40,valid,41,0.0786627335299901,508.5,923,0.0140619374637761,94.0,40.130434782608695,12.355762,modality_ct,23.0
2026-02-13T18:14:33.613823,dinov3,D_128_512_2048_8192_K_5_10_20_40,valid,741,0.0785083415112855,509.5,689,0.0209570529989558,330.0,87.36363636363636,4.146481,scanner_model_Skyra,11.0
2026-02-13T18:14:33.613823,dinov3,D_128_512_2048_8192_K_5_10_20_40,valid,6021,0.0785083415112855,509.5,692,0.0206625549543598,327.0,87.0,1.9155496,manufacturer_philips,3.0
2026-02-13T18:14:33.613823,dinov3,D_128_512_2048_8192_K_5_10_20_40,valid,1460,0.078125,512.0,741,0.018482710136199,283.0,78.0,2.5521975,organs_head_and_neck_brain,1.0
2026-02-13T18:14:33.613823,dinov3,D_128_512_2048_8192_K_5_10_20_40,valid,1939,0.0775945683802133,515.5,887,0.0149733896417658,144.0,51.333333333333336,5.109617,organs_abdominal_spleen,18.0
2026-02-13T18:14:33.613823,dinov3,D_128_512_2048_8192_K_5_10_20_40,valid,376,0.0772200772200772,518.0,806,0.0169427328024037,230.0,67.0,1.9041854,slice_orientation_z,6.0
2026-02-13T18:14:33.613823,dinov3,D_128_512_2048_8192_K_5_10_20_40,valid,294,0.0771456123432979,518.5,686,0.0210771918078666,351.0,94.0,0.84325254,age_group_<40,2.0
2026-02-13T18:14:33.613823,dinov3,D_128_512_2048_8192_K_5_10_20_40,valid,639,0.0761179828734538,525.5,943,0.0137749022930757,108.0,44.0,3.9042554,organs_head_and_neck_brain,1.0
2026-02-13T18:14:33.613823,dinov3,D_128_512_2048_8192_K_5_10_20_40,valid,1789,0.0760456273764258,526.0,709,0.0200411709283983,343.0,92.0,2.1927617,organs_head_and_neck_brain,1.0
2026-02-13T18:14:33.613823,dinov3,D_128_512_2048_8192_K_5_10_20_40,valid,1437,0.0759013282732447,527.0,766,0.0178496142080426,288.0,79.0,1.3023375,institute_F,10.0
2026-02-13T18:14:33.613823,dinov3,D_128_512_2048_8192_K_5_10_20_40,valid,191,0.0754716981132075,530.0,939,0.0138428750806698,121.0,46.0,0.65230805,sex_f,2.0
2026-02-13T18:14:33.613823,dinov3,D_128_512_2048_8192_K_5_10_20_40,valid,1290,0.0754716981132075,530.0,1006,0.0122803996009318,54.0,32.24,3.3249657,institute_F,25.0
2026-02-13T18:14:33.613823,dinov3,D_128_512_2048_8192_K_5_10_20_40,valid,848,0.0746268656716417,536.0,768,0.017791404300227,304.0,82.0,2.4655151,organs_head_and_neck_brain,1.0
2026-02-13T18:14:33.613823,dinov3,D_128_512_2048_8192_K_5_10_20_40,valid,811,0.0737327188940092,542.5,888,0.0149570148471817,197.0,61.55,4.237964,scanner_model_Skyra,20.0
2026-02-13T18:14:33.613823,dinov3,D_128_512_2048_8192_K_5_10_20_40,valid,647,0.0736648250460405,543.0,737,0.0186132314862672,349.0,93.0,1.1646883,institute_F,10.0
